manifest_index,sample_id,true_class,source_dataset,source_id,group_id,fold
1,diffusiondb:9df74de5-fe24-492f-8e90-d517c9c394fc.png,synthetic,poloclub/diffusiondb,9df74de5-fe24-492f-8e90-d517c9c394fc.png,diffusiondb:9df74de5-fe24-492f-8e90-d517c9c394fc.png,2
2,diffusiondb:97a6cbf1-d1fc-425a-8f5d-30d07239689e.png,synthetic,poloclub/diffusiondb,97a6cbf1-d1fc-425a-8f5d-30d07239689e.png,diffusiondb:97a6cbf1-d1fc-425a-8f5d-30d07239689e.png,4
3,diffusiondb:99dac20a-f960-4ebb-b78a-0f64cc0d4929.png,synthetic,poloclub/diffusiondb,99dac20a-f960-4ebb-b78a-0f64cc0d4929.png,diffusiondb:99dac20a-f960-4ebb-b78a-0f64cc0d4929.png,5
4,cocoglide:000000224051:edited,edited,nebula/CocoGlide,000000224051,cocoglide:000000224051,2
5,cocoglide:000000173091:edited,edited,nebula/CocoGlide,000000173091,cocoglide:000000173091,1
6,diffusiondb:91167cf9-b06f-4bfa-91a6-d8a64c269ede.png,synthetic,poloclub/diffusiondb,91167cf9-b06f-4bfa-91a6-d8a64c269ede.png,diffusiondb:91167cf9-b06f-4bfa-91a6-d8a64c269ede.png,1
7,cocoglide:000000340175:real,real,nebula/CocoGlide,000000340175,cocoglide:000000340175,4
8,cocoglide:000000284296:edited,edited,nebula/CocoGlide,000000284296,cocoglide:000000284296,5
9,cocoglide:000000015517:real,real,nebula/CocoGlide,000000015517,cocoglide:000000015517,5
10,diffusiondb:8bf50cc5-76fe-415a-92a3-a165ae1e6925.png,synthetic,poloclub/diffusiondb,8bf50cc5-76fe-415a-92a3-a165ae1e6925.png,diffusiondb:8bf50cc5-76fe-415a-92a3-a165ae1e6925.png,3
11,cocoglide:000000192904:real,real,nebula/CocoGlide,000000192904,cocoglide:000000192904,5
12,cocoglide:000000044699:real,real,nebula/CocoGlide,000000044699,cocoglide:000000044699,5
13,cocoglide:000000283038:edited,edited,nebula/CocoGlide,000000283038,cocoglide:000000283038,3
14,cocoglide:000000261161:real,real,nebula/CocoGlide,000000261161,cocoglide:000000261161,4
15,diffusiondb:f55f6fff-686c-49c3-91ca-1fb1cc791d87.png,synthetic,poloclub/diffusiondb,f55f6fff-686c-49c3-91ca-1fb1cc791d87.png,diffusiondb:f55f6fff-686c-49c3-91ca-1fb1cc791d87.png,4
16,cocoglide:000000331352:real,real,nebula/CocoGlide,000000331352,cocoglide:000000331352,5
17,cocoglide:000000344795:edited,edited,nebula/CocoGlide,000000344795,cocoglide:000000344795,1
18,cocoglide:000000369771:edited,edited,nebula/CocoGlide,000000369771,cocoglide:000000369771,1
19,cocoglide:000000035963:edited,edited,nebula/CocoGlide,000000035963,cocoglide:000000035963,2
20,diffusiondb:48374975-7d56-4b7c-9ade-a0ded7fa7463.png,synthetic,poloclub/diffusiondb,48374975-7d56-4b7c-9ade-a0ded7fa7463.png,diffusiondb:48374975-7d56-4b7c-9ade-a0ded7fa7463.png,4
21,cocoglide:000000534601:real,real,nebula/CocoGlide,000000534601,cocoglide:000000534601,2
22,cocoglide:000000414261:edited,edited,nebula/CocoGlide,000000414261,cocoglide:000000414261,5
23,cocoglide:000000059920:real,real,nebula/CocoGlide,000000059920,cocoglide:000000059920,3
24,cocoglide:000000217614:real,real,nebula/CocoGlide,000000217614,cocoglide:000000217614,2
25,diffusiondb:e5962939-4f11-4af8-9bf0-3465fdd7018a.png,synthetic,poloclub/diffusiondb,e5962939-4f11-4af8-9bf0-3465fdd7018a.png,diffusiondb:e5962939-4f11-4af8-9bf0-3465fdd7018a.png,5
26,cocoglide:000000330790:edited,edited,nebula/CocoGlide,000000330790,cocoglide:000000330790,3
27,cocoglide:000000394328:real,real,nebula/CocoGlide,000000394328,cocoglide:000000394328,4
28,cocoglide:000000405205:real,real,nebula/CocoGlide,000000405205,cocoglide:000000405205,3
29,cocoglide:000000029675:edited,edited,nebula/CocoGlide,000000029675,cocoglide:000000029675,3
30,cocoglide:000000524108:real,real,nebula/CocoGlide,000000524108,cocoglide:000000524108,3
31,cocoglide:000000098839:real,real,nebula/CocoGlide,000000098839,cocoglide:000000098839,2
32,diffusiondb:f9b5afa1-a8b4-4102-aaa6-4dde98c2afb9.png,synthetic,poloclub/diffusiondb,f9b5afa1-a8b4-4102-aaa6-4dde98c2afb9.png,diffusiondb:f9b5afa1-a8b4-4102-aaa6-4dde98c2afb9.png,3
33,cocoglide:000000308753:real,real,nebula/CocoGlide,000000308753,cocoglide:000000308753,4
34,cocoglide:000000272416:edited,edited,nebula/CocoGlide,000000272416,cocoglide:000000272416,3
35,cocoglide:000000323709:real,real,nebula/CocoGlide,000000323709,cocoglide:000000323709,4
36,cocoglide:000000129113:edited,edited,nebula/CocoGlide,000000129113,cocoglide:000000129113,2
37,cocoglide:000000129113:real,real,nebula/CocoGlide,000000129113,cocoglide:000000129113,2
38,cocoglide:000000304545:real,real,nebula/CocoGlide,000000304545,cocoglide:000000304545,2
39,cocoglide:000000057027:edited,edited,nebula/CocoGlide,000000057027,cocoglide:000000057027,3
40,cocoglide:000000210502:real,real,nebula/CocoGlide,000000210502,cocoglide:000000210502,2
41,cocoglide:000000518213:real,real,nebula/CocoGlide,000000518213,cocoglide:000000518213,2
42,cocoglide:000000337498:edited,edited,nebula/CocoGlide,000000337498,cocoglide:000000337498,4
43,cocoglide:000000167128:real,real,nebula/CocoGlide,000000167128,cocoglide:000000167128,2
44,cocoglide:000000252332:edited,edited,nebula/CocoGlide,000000252332,cocoglide:000000252332,1
45,cocoglide:000000241319:real,real,nebula/CocoGlide,000000241319,cocoglide:000000241319,5
46,diffusiondb:078b20c0-4b2b-4728-983b-1406d7829679.png,synthetic,poloclub/diffusiondb,078b20c0-4b2b-4728-983b-1406d7829679.png,diffusiondb:078b20c0-4b2b-4728-983b-1406d7829679.png,4
47,diffusiondb:53d42f83-fa7c-4021-b5f7-ad527ab31edd.png,synthetic,poloclub/diffusiondb,53d42f83-fa7c-4021-b5f7-ad527ab31edd.png,diffusiondb:53d42f83-fa7c-4021-b5f7-ad527ab31edd.png,3
48,cocoglide:000000167128:edited,edited,nebula/CocoGlide,000000167128,cocoglide:000000167128,2
49,cocoglide:000000534664:edited,edited,nebula/CocoGlide,000000534664,cocoglide:000000534664,1
50,diffusiondb:d7e68775-2ab8-49f6-a9fb-4a1782e9659f.png,synthetic,poloclub/diffusiondb,d7e68775-2ab8-49f6-a9fb-4a1782e9659f.png,diffusiondb:d7e68775-2ab8-49f6-a9fb-4a1782e9659f.png,1
51,cocoglide:000000534601:edited,edited,nebula/CocoGlide,000000534601,cocoglide:000000534601,2
52,cocoglide:000000485972:real,real,nebula/CocoGlide,000000485972,cocoglide:000000485972,3
53,diffusiondb:bca49808-b625-4554-9ff3-9a75173bafc5.png,synthetic,poloclub/diffusiondb,bca49808-b625-4554-9ff3-9a75173bafc5.png,diffusiondb:bca49808-b625-4554-9ff3-9a75173bafc5.png,2
54,cocoglide:000000008277:edited,edited,nebula/CocoGlide,000000008277,cocoglide:000000008277,4
55,diffusiondb:30c93460-1584-4e1c-90db-ac1b388ac3cb.png,synthetic,poloclub/diffusiondb,30c93460-1584-4e1c-90db-ac1b388ac3cb.png,diffusiondb:30c93460-1584-4e1c-90db-ac1b388ac3cb.png,5
56,cocoglide:000000323709:edited,edited,nebula/CocoGlide,000000323709,cocoglide:000000323709,4
57,cocoglide:000000311909:edited,edited,nebula/CocoGlide,000000311909,cocoglide:000000311909,5
58,diffusiondb:a155817c-a885-47d9-8da3-87572341b203.png,synthetic,poloclub/diffusiondb,a155817c-a885-47d9-8da3-87572341b203.png,diffusiondb:a155817c-a885-47d9-8da3-87572341b203.png,4
59,diffusiondb:1e5c19cd-2bfb-4cd2-9f78-a62c6496eb66.png,synthetic,poloclub/diffusiondb,1e5c19cd-2bfb-4cd2-9f78-a62c6496eb66.png,diffusiondb:1e5c19cd-2bfb-4cd2-9f78-a62c6496eb66.png,3
60,cocoglide:000000031269:edited,edited,nebula/CocoGlide,000000031269,cocoglide:000000031269,4
61,cocoglide:000000032610:real,real,nebula/CocoGlide,000000032610,cocoglide:000000032610,1
62,cocoglide:000000571313:edited,edited,nebula/CocoGlide,000000571313,cocoglide:000000571313,3
63,cocoglide:000000521405:real,real,nebula/CocoGlide,000000521405,cocoglide:000000521405,2
64,diffusiondb:e12cca2e-c43d-467b-aa4e-09a6cd630bed.png,synthetic,poloclub/diffusiondb,e12cca2e-c43d-467b-aa4e-09a6cd630bed.png,diffusiondb:e12cca2e-c43d-467b-aa4e-09a6cd630bed.png,2
65,cocoglide:000000530457:real,real,nebula/CocoGlide,000000530457,cocoglide:000000530457,3
66,cocoglide:000000263860:edited,edited,nebula/CocoGlide,000000263860,cocoglide:000000263860,3
67,cocoglide:000000423971:edited,edited,nebula/CocoGlide,000000423971,cocoglide:000000423971,2
68,diffusiondb:6bdac137-3e17-4efc-b63d-c463e3df7313.png,synthetic,poloclub/diffusiondb,6bdac137-3e17-4efc-b63d-c463e3df7313.png,diffusiondb:6bdac137-3e17-4efc-b63d-c463e3df7313.png,1
69,cocoglide:000000433374:edited,edited,nebula/CocoGlide,000000433374,cocoglide:000000433374,3
70,cocoglide:000000022589:real,real,nebula/CocoGlide,000000022589,cocoglide:000000022589,4
71,cocoglide:000000386210:real,real,nebula/CocoGlide,000000386210,cocoglide:000000386210,5
72,diffusiondb:9300fb00-59e1-4a30-8aa4-959addc2ff8e.png,synthetic,poloclub/diffusiondb,9300fb00-59e1-4a30-8aa4-959addc2ff8e.png,diffusiondb:9300fb00-59e1-4a30-8aa4-959addc2ff8e.png,5
73,cocoglide:000000346707:edited,edited,nebula/CocoGlide,000000346707,cocoglide:000000346707,3
74,cocoglide:000000386210:edited,edited,nebula/CocoGlide,000000386210,cocoglide:000000386210,5
75,cocoglide:000000341058:real,real,nebula/CocoGlide,000000341058,cocoglide:000000341058,5
76,cocoglide:000000452321:edited,edited,nebula/CocoGlide,000000452321,cocoglide:000000452321,3
77,diffusiondb:d7055ed2-5c4a-4125-abe8-4d5eb8d24bc0.png,synthetic,poloclub/diffusiondb,d7055ed2-5c4a-4125-abe8-4d5eb8d24bc0.png,diffusiondb:d7055ed2-5c4a-4125-abe8-4d5eb8d24bc0.png,5
78,diffusiondb:4935dc29-8fc1-4ba8-9b56-9af28ec96bc4.png,synthetic,poloclub/diffusiondb,4935dc29-8fc1-4ba8-9b56-9af28ec96bc4.png,diffusiondb:4935dc29-8fc1-4ba8-9b56-9af28ec96bc4.png,1
79,cocoglide:000000520871:edited,edited,nebula/CocoGlide,000000520871,cocoglide:000000520871,4
80,diffusiondb:f80cf37f-ac22-4659-8728-0620fc195d84.png,synthetic,poloclub/diffusiondb,f80cf37f-ac22-4659-8728-0620fc195d84.png,diffusiondb:f80cf37f-ac22-4659-8728-0620fc195d84.png,1
81,diffusiondb:00bf4330-bbdb-4c6a-97e7-04013553ae10.png,synthetic,poloclub/diffusiondb,00bf4330-bbdb-4c6a-97e7-04013553ae10.png,diffusiondb:00bf4330-bbdb-4c6a-97e7-04013553ae10.png,4
82,cocoglide:000000182417:real,real,nebula/CocoGlide,000000182417,cocoglide:000000182417,5
83,cocoglide:000000081061:real,real,nebula/CocoGlide,000000081061,cocoglide:000000081061,5
84,diffusiondb:894ba1cf-6e37-4f7b-a4ac-ee2317b70951.png,synthetic,poloclub/diffusiondb,894ba1cf-6e37-4f7b-a4ac-ee2317b70951.png,diffusiondb:894ba1cf-6e37-4f7b-a4ac-ee2317b70951.png,3
85,cocoglide:000000132622:real,real,nebula/CocoGlide,000000132622,cocoglide:000000132622,4
86,cocoglide:000000312406:real,real,nebula/CocoGlide,000000312406,cocoglide:000000312406,1
87,cocoglide:000000080413:edited,edited,nebula/CocoGlide,000000080413,cocoglide:000000080413,1
88,cocoglide:000000304545:edited,edited,nebula/CocoGlide,000000304545,cocoglide:000000304545,2
89,cocoglide:000000047121:edited,edited,nebula/CocoGlide,000000047121,cocoglide:000000047121,4
90,cocoglide:000000368684:real,real,nebula/CocoGlide,000000368684,cocoglide:000000368684,4
91,diffusiondb:4194670e-254c-4b31-93ec-f219bf9eda7d.png,synthetic,poloclub/diffusiondb,4194670e-254c-4b31-93ec-f219bf9eda7d.png,diffusiondb:4194670e-254c-4b31-93ec-f219bf9eda7d.png,1
92,diffusiondb:b954783c-6e97-42ad-95fd-e02092fe7c02.png,synthetic,poloclub/diffusiondb,b954783c-6e97-42ad-95fd-e02092fe7c02.png,diffusiondb:b954783c-6e97-42ad-95fd-e02092fe7c02.png,5
93,diffusiondb:1a7ec8b0-e7c9-4b4f-ac7c-0e44ed222633.png,synthetic,poloclub/diffusiondb,1a7ec8b0-e7c9-4b4f-ac7c-0e44ed222633.png,diffusiondb:1a7ec8b0-e7c9-4b4f-ac7c-0e44ed222633.png,1
94,cocoglide:000000270402:edited,edited,nebula/CocoGlide,000000270402,cocoglide:000000270402,2
95,cocoglide:000000030213:real,real,nebula/CocoGlide,000000030213,cocoglide:000000030213,5
96,cocoglide:000000567825:real,real,nebula/CocoGlide,000000567825,cocoglide:000000567825,1
97,diffusiondb:0468f6cf-b591-4607-8495-012f96f8cba5.png,synthetic,poloclub/diffusiondb,0468f6cf-b591-4607-8495-012f96f8cba5.png,diffusiondb:0468f6cf-b591-4607-8495-012f96f8cba5.png,2
98,cocoglide:000000493284:edited,edited,nebula/CocoGlide,000000493284,cocoglide:000000493284,4
99,diffusiondb:6c8b15cf-af4b-4351-86bf-072452a51c9b.png,synthetic,poloclub/diffusiondb,6c8b15cf-af4b-4351-86bf-072452a51c9b.png,diffusiondb:6c8b15cf-af4b-4351-86bf-072452a51c9b.png,4
100,cocoglide:000000139883:real,real,nebula/CocoGlide,000000139883,cocoglide:000000139883,3
101,cocoglide:000000270402:real,real,nebula/CocoGlide,000000270402,cocoglide:000000270402,2
102,cocoglide:000000335450:real,real,nebula/CocoGlide,000000335450,cocoglide:000000335450,2
103,cocoglide:000000546829:real,real,nebula/CocoGlide,000000546829,cocoglide:000000546829,1
104,cocoglide:000000331352:edited,edited,nebula/CocoGlide,000000331352,cocoglide:000000331352,5
105,diffusiondb:d3796e7b-861d-4b16-8aa2-136449dba49e.png,synthetic,poloclub/diffusiondb,d3796e7b-861d-4b16-8aa2-136449dba49e.png,diffusiondb:d3796e7b-861d-4b16-8aa2-136449dba49e.png,4
106,diffusiondb:adfaf9bf-2c79-4828-b329-0b00e8ed8cc8.png,synthetic,poloclub/diffusiondb,adfaf9bf-2c79-4828-b329-0b00e8ed8cc8.png,diffusiondb:adfaf9bf-2c79-4828-b329-0b00e8ed8cc8.png,5
107,diffusiondb:ba5f364f-ba0b-4b34-8cb4-ca461bc60891.png,synthetic,poloclub/diffusiondb,ba5f364f-ba0b-4b34-8cb4-ca461bc60891.png,diffusiondb:ba5f364f-ba0b-4b34-8cb4-ca461bc60891.png,5
108,diffusiondb:3a5d8eb9-c0ad-43a8-8f6a-418decf97867.png,synthetic,poloclub/diffusiondb,3a5d8eb9-c0ad-43a8-8f6a-418decf97867.png,diffusiondb:3a5d8eb9-c0ad-43a8-8f6a-418decf97867.png,3
109,diffusiondb:67afc638-9900-4999-aeac-4e2559bad8f5.png,synthetic,poloclub/diffusiondb,67afc638-9900-4999-aeac-4e2559bad8f5.png,diffusiondb:67afc638-9900-4999-aeac-4e2559bad8f5.png,5
110,diffusiondb:a8b4a821-61b7-4808-ba6b-387cb7163dec.png,synthetic,poloclub/diffusiondb,a8b4a821-61b7-4808-ba6b-387cb7163dec.png,diffusiondb:a8b4a821-61b7-4808-ba6b-387cb7163dec.png,2
111,diffusiondb:0b1a039e-5f36-4911-b9cc-12ce84f14c0c.png,synthetic,poloclub/diffusiondb,0b1a039e-5f36-4911-b9cc-12ce84f14c0c.png,diffusiondb:0b1a039e-5f36-4911-b9cc-12ce84f14c0c.png,2
112,diffusiondb:42e5f52e-a98e-4294-b78e-ef31f537783c.png,synthetic,poloclub/diffusiondb,42e5f52e-a98e-4294-b78e-ef31f537783c.png,diffusiondb:42e5f52e-a98e-4294-b78e-ef31f537783c.png,4
113,cocoglide:000000478286:edited,edited,nebula/CocoGlide,000000478286,cocoglide:000000478286,4
114,cocoglide:000000416885:real,real,nebula/CocoGlide,000000416885,cocoglide:000000416885,4
115,cocoglide:000000091654:edited,edited,nebula/CocoGlide,000000091654,cocoglide:000000091654,4
116,cocoglide:000000333956:edited,edited,nebula/CocoGlide,000000333956,cocoglide:000000333956,3
117,diffusiondb:531860dd-5762-425e-be03-74b5f46432ce.png,synthetic,poloclub/diffusiondb,531860dd-5762-425e-be03-74b5f46432ce.png,diffusiondb:531860dd-5762-425e-be03-74b5f46432ce.png,3
118,diffusiondb:b2960c71-be6b-4ad2-a171-e7a687547a75.png,synthetic,poloclub/diffusiondb,b2960c71-be6b-4ad2-a171-e7a687547a75.png,diffusiondb:b2960c71-be6b-4ad2-a171-e7a687547a75.png,1
119,diffusiondb:e8b89cbf-3f7a-4934-bca1-6d2f0ef41820.png,synthetic,poloclub/diffusiondb,e8b89cbf-3f7a-4934-bca1-6d2f0ef41820.png,diffusiondb:e8b89cbf-3f7a-4934-bca1-6d2f0ef41820.png,1
120,cocoglide:000000184400:edited,edited,nebula/CocoGlide,000000184400,cocoglide:000000184400,5
121,cocoglide:000000180296:real,real,nebula/CocoGlide,000000180296,cocoglide:000000180296,4
122,cocoglide:000000080413:real,real,nebula/CocoGlide,000000080413,cocoglide:000000080413,1
123,cocoglide:000000031269:real,real,nebula/CocoGlide,000000031269,cocoglide:000000031269,4
124,cocoglide:000000341058:edited,edited,nebula/CocoGlide,000000341058,cocoglide:000000341058,5
125,cocoglide:000000076417:edited,edited,nebula/CocoGlide,000000076417,cocoglide:000000076417,1
126,diffusiondb:6c813cdb-85ae-4318-a425-9289fc758504.png,synthetic,poloclub/diffusiondb,6c813cdb-85ae-4318-a425-9289fc758504.png,diffusiondb:6c813cdb-85ae-4318-a425-9289fc758504.png,4
127,cocoglide:000000035963:real,real,nebula/CocoGlide,000000035963,cocoglide:000000035963,2
128,cocoglide:000000213224:edited,edited,nebula/CocoGlide,000000213224,cocoglide:000000213224,3
129,cocoglide:000000063552:real,real,nebula/CocoGlide,000000063552,cocoglide:000000063552,5
130,cocoglide:000000364322:edited,edited,nebula/CocoGlide,000000364322,cocoglide:000000364322,3
131,diffusiondb:e3f97857-6486-407c-9dab-7960505a4672.png,synthetic,poloclub/diffusiondb,e3f97857-6486-407c-9dab-7960505a4672.png,diffusiondb:e3f97857-6486-407c-9dab-7960505a4672.png,1
132,cocoglide:000000070774:edited,edited,nebula/CocoGlide,000000070774,cocoglide:000000070774,3
133,diffusiondb:3027f79b-3946-428a-bb2b-2ea418df0684.png,synthetic,poloclub/diffusiondb,3027f79b-3946-428a-bb2b-2ea418df0684.png,diffusiondb:3027f79b-3946-428a-bb2b-2ea418df0684.png,2
134,cocoglide:000000156278:edited,edited,nebula/CocoGlide,000000156278,cocoglide:000000156278,3
135,diffusiondb:637d9e4b-757a-405d-906c-2b7682b46cf8.png,synthetic,poloclub/diffusiondb,637d9e4b-757a-405d-906c-2b7682b46cf8.png,diffusiondb:637d9e4b-757a-405d-906c-2b7682b46cf8.png,5
136,diffusiondb:5239759f-ec60-452f-9db8-b29f60415a1f.png,synthetic,poloclub/diffusiondb,5239759f-ec60-452f-9db8-b29f60415a1f.png,diffusiondb:5239759f-ec60-452f-9db8-b29f60415a1f.png,3
137,diffusiondb:6420a030-1f31-47f9-a82a-85998cdbfa67.png,synthetic,poloclub/diffusiondb,6420a030-1f31-47f9-a82a-85998cdbfa67.png,diffusiondb:6420a030-1f31-47f9-a82a-85998cdbfa67.png,4
138,diffusiondb:aebb493a-0fa1-44e4-a372-0aea1421beba.png,synthetic,poloclub/diffusiondb,aebb493a-0fa1-44e4-a372-0aea1421beba.png,diffusiondb:aebb493a-0fa1-44e4-a372-0aea1421beba.png,2
139,cocoglide:000000418961:real,real,nebula/CocoGlide,000000418961,cocoglide:000000418961,1
140,cocoglide:000000312406:edited,edited,nebula/CocoGlide,000000312406,cocoglide:000000312406,1
141,diffusiondb:58e63b48-72b8-43b7-a9a0-fadce7afaed9.png,synthetic,poloclub/diffusiondb,58e63b48-72b8-43b7-a9a0-fadce7afaed9.png,diffusiondb:58e63b48-72b8-43b7-a9a0-fadce7afaed9.png,2
142,cocoglide:000000222863:edited,edited,nebula/CocoGlide,000000222863,cocoglide:000000222863,1
143,diffusiondb:4004deec-77ea-4f01-9fcd-78d0ea8376cd.png,synthetic,poloclub/diffusiondb,4004deec-77ea-4f01-9fcd-78d0ea8376cd.png,diffusiondb:4004deec-77ea-4f01-9fcd-78d0ea8376cd.png,4
144,cocoglide:000000550322:real,real,nebula/CocoGlide,000000550322,cocoglide:000000550322,4
145,cocoglide:000000219283:real,real,nebula/CocoGlide,000000219283,cocoglide:000000219283,2
146,diffusiondb:827047c1-11d8-4852-acc9-38410b25e0e5.png,synthetic,poloclub/diffusiondb,827047c1-11d8-4852-acc9-38410b25e0e5.png,diffusiondb:827047c1-11d8-4852-acc9-38410b25e0e5.png,3
147,diffusiondb:be4d2c88-80f7-441f-98c8-f01940a903f3.png,synthetic,poloclub/diffusiondb,be4d2c88-80f7-441f-98c8-f01940a903f3.png,diffusiondb:be4d2c88-80f7-441f-98c8-f01940a903f3.png,5
148,diffusiondb:e3caec81-20c6-4840-bd48-4a4b030d7c0d.png,synthetic,poloclub/diffusiondb,e3caec81-20c6-4840-bd48-4a4b030d7c0d.png,diffusiondb:e3caec81-20c6-4840-bd48-4a4b030d7c0d.png,2
149,cocoglide:000000348012:edited,edited,nebula/CocoGlide,000000348012,cocoglide:000000348012,3
150,diffusiondb:ebe75a37-e31e-41fa-8ca5-8d75f9099149.png,synthetic,poloclub/diffusiondb,ebe75a37-e31e-41fa-8ca5-8d75f9099149.png,diffusiondb:ebe75a37-e31e-41fa-8ca5-8d75f9099149.png,3
151,cocoglide:000000047121:real,real,nebula/CocoGlide,000000047121,cocoglide:000000047121,4
152,diffusiondb:aacff5a9-0317-4c6e-a25a-588591e6cb45.png,synthetic,poloclub/diffusiondb,aacff5a9-0317-4c6e-a25a-588591e6cb45.png,diffusiondb:aacff5a9-0317-4c6e-a25a-588591e6cb45.png,3
153,cocoglide:000000418961:edited,edited,nebula/CocoGlide,000000418961,cocoglide:000000418961,1
154,diffusiondb:6dd1f44a-748f-4348-80cb-d513cee4d9f0.png,synthetic,poloclub/diffusiondb,6dd1f44a-748f-4348-80cb-d513cee4d9f0.png,diffusiondb:6dd1f44a-748f-4348-80cb-d513cee4d9f0.png,3
155,cocoglide:000000095899:real,real,nebula/CocoGlide,000000095899,cocoglide:000000095899,1
156,cocoglide:000000304817:edited,edited,nebula/CocoGlide,000000304817,cocoglide:000000304817,5
157,diffusiondb:b221d077-4286-44f6-b074-7617ad424632.png,synthetic,poloclub/diffusiondb,b221d077-4286-44f6-b074-7617ad424632.png,diffusiondb:b221d077-4286-44f6-b074-7617ad424632.png,3
158,diffusiondb:8e2f35ec-4db9-48b4-b27c-91c839b29a76.png,synthetic,poloclub/diffusiondb,8e2f35ec-4db9-48b4-b27c-91c839b29a76.png,diffusiondb:8e2f35ec-4db9-48b4-b27c-91c839b29a76.png,2
159,cocoglide:000000416991:real,real,nebula/CocoGlide,000000416991,cocoglide:000000416991,5
160,cocoglide:000000475678:edited,edited,nebula/CocoGlide,000000475678,cocoglide:000000475678,2
161,cocoglide:000000288882:edited,edited,nebula/CocoGlide,000000288882,cocoglide:000000288882,2
162,diffusiondb:b5d90fd9-0f44-44ec-a01c-318c5b2167a1.png,synthetic,poloclub/diffusiondb,b5d90fd9-0f44-44ec-a01c-318c5b2167a1.png,diffusiondb:b5d90fd9-0f44-44ec-a01c-318c5b2167a1.png,1
163,cocoglide:000000085195:edited,edited,nebula/CocoGlide,000000085195,cocoglide:000000085195,5
164,cocoglide:000000255912:edited,edited,nebula/CocoGlide,000000255912,cocoglide:000000255912,5
165,cocoglide:000000294855:real,real,nebula/CocoGlide,000000294855,cocoglide:000000294855,5
166,diffusiondb:3b6db398-c493-4389-93b1-3b465886a495.png,synthetic,poloclub/diffusiondb,3b6db398-c493-4389-93b1-3b465886a495.png,diffusiondb:3b6db398-c493-4389-93b1-3b465886a495.png,2
167,cocoglide:000000546829:edited,edited,nebula/CocoGlide,000000546829,cocoglide:000000546829,1
168,cocoglide:000000069795:real,real,nebula/CocoGlide,000000069795,cocoglide:000000069795,1
169,diffusiondb:4fc4db37-8353-4557-affa-9e351a1e691e.png,synthetic,poloclub/diffusiondb,4fc4db37-8353-4557-affa-9e351a1e691e.png,diffusiondb:4fc4db37-8353-4557-affa-9e351a1e691e.png,2
170,cocoglide:000000369751:edited,edited,nebula/CocoGlide,000000369751,cocoglide:000000369751,1
171,cocoglide:000000129054:real,real,nebula/CocoGlide,000000129054,cocoglide:000000129054,5
172,cocoglide:000000456394:real,real,nebula/CocoGlide,000000456394,cocoglide:000000456394,4
173,cocoglide:000000020247:edited,edited,nebula/CocoGlide,000000020247,cocoglide:000000020247,2
174,cocoglide:000000414261:real,real,nebula/CocoGlide,000000414261,cocoglide:000000414261,5
175,diffusiondb:6445f01d-0d98-4945-9e71-9bd58210bb8e.png,synthetic,poloclub/diffusiondb,6445f01d-0d98-4945-9e71-9bd58210bb8e.png,diffusiondb:6445f01d-0d98-4945-9e71-9bd58210bb8e.png,3
176,diffusiondb:0187b70c-2549-4c1b-be1f-74ec432bd399.png,synthetic,poloclub/diffusiondb,0187b70c-2549-4c1b-be1f-74ec432bd399.png,diffusiondb:0187b70c-2549-4c1b-be1f-74ec432bd399.png,4
177,cocoglide:000000255912:real,real,nebula/CocoGlide,000000255912,cocoglide:000000255912,5
178,diffusiondb:b6454eee-4139-4cea-b8cf-5da45540ae35.png,synthetic,poloclub/diffusiondb,b6454eee-4139-4cea-b8cf-5da45540ae35.png,diffusiondb:b6454eee-4139-4cea-b8cf-5da45540ae35.png,5
179,cocoglide:000000269942:real,real,nebula/CocoGlide,000000269942,cocoglide:000000269942,3
180,diffusiondb:81de97b7-94a3-4bfa-8619-d6f9b21c663d.png,synthetic,poloclub/diffusiondb,81de97b7-94a3-4bfa-8619-d6f9b21c663d.png,diffusiondb:81de97b7-94a3-4bfa-8619-d6f9b21c663d.png,1
181,cocoglide:000000083113:edited,edited,nebula/CocoGlide,000000083113,cocoglide:000000083113,1
182,diffusiondb:a78a80fa-29f2-4c58-9e3b-fe5d80bc2950.png,synthetic,poloclub/diffusiondb,a78a80fa-29f2-4c58-9e3b-fe5d80bc2950.png,diffusiondb:a78a80fa-29f2-4c58-9e3b-fe5d80bc2950.png,3
183,cocoglide:000000416330:real,real,nebula/CocoGlide,000000416330,cocoglide:000000416330,2
184,diffusiondb:2efb6d91-1458-43e8-90fd-f337cbd267c0.png,synthetic,poloclub/diffusiondb,2efb6d91-1458-43e8-90fd-f337cbd267c0.png,diffusiondb:2efb6d91-1458-43e8-90fd-f337cbd267c0.png,2
185,cocoglide:000000416269:edited,edited,nebula/CocoGlide,000000416269,cocoglide:000000416269,5
186,cocoglide:000000184400:real,real,nebula/CocoGlide,000000184400,cocoglide:000000184400,5
187,cocoglide:000000402433:real,real,nebula/CocoGlide,000000402433,cocoglide:000000402433,4
188,diffusiondb:1e0a1bb6-be49-434d-b463-12a311e6750d.png,synthetic,poloclub/diffusiondb,1e0a1bb6-be49-434d-b463-12a311e6750d.png,diffusiondb:1e0a1bb6-be49-434d-b463-12a311e6750d.png,1
189,cocoglide:000000159282:edited,edited,nebula/CocoGlide,000000159282,cocoglide:000000159282,3
190,cocoglide:000000474164:real,real,nebula/CocoGlide,000000474164,cocoglide:000000474164,2
191,diffusiondb:0d919989-aa97-4666-ba79-f0ee54c71e33.png,synthetic,poloclub/diffusiondb,0d919989-aa97-4666-ba79-f0ee54c71e33.png,diffusiondb:0d919989-aa97-4666-ba79-f0ee54c71e33.png,1
192,cocoglide:000000311909:real,real,nebula/CocoGlide,000000311909,cocoglide:000000311909,5
193,diffusiondb:975787f0-bfcf-461f-bb9f-8e76db50c6f9.png,synthetic,poloclub/diffusiondb,975787f0-bfcf-461f-bb9f-8e76db50c6f9.png,diffusiondb:975787f0-bfcf-461f-bb9f-8e76db50c6f9.png,3
194,diffusiondb:96d57eb1-8468-414e-bf71-c922049f3026.png,synthetic,poloclub/diffusiondb,96d57eb1-8468-414e-bf71-c922049f3026.png,diffusiondb:96d57eb1-8468-414e-bf71-c922049f3026.png,1
195,cocoglide:000000572517:real,real,nebula/CocoGlide,000000572517,cocoglide:000000572517,2
196,diffusiondb:1447c995-8093-42a9-b20d-0507c287a55b.png,synthetic,poloclub/diffusiondb,1447c995-8093-42a9-b20d-0507c287a55b.png,diffusiondb:1447c995-8093-42a9-b20d-0507c287a55b.png,3
197,diffusiondb:17203239-da04-42b8-b9dc-5c3ccc0308c4.png,synthetic,poloclub/diffusiondb,17203239-da04-42b8-b9dc-5c3ccc0308c4.png,diffusiondb:17203239-da04-42b8-b9dc-5c3ccc0308c4.png,3
198,diffusiondb:4b5aa741-4d5d-4d01-8327-191f030e5cd6.png,synthetic,poloclub/diffusiondb,4b5aa741-4d5d-4d01-8327-191f030e5cd6.png,diffusiondb:4b5aa741-4d5d-4d01-8327-191f030e5cd6.png,4
199,cocoglide:000000416256:real,real,nebula/CocoGlide,000000416256,cocoglide:000000416256,1
200,diffusiondb:e1c3013f-82a7-4acc-89a7-f3651391f43d.png,synthetic,poloclub/diffusiondb,e1c3013f-82a7-4acc-89a7-f3651391f43d.png,diffusiondb:e1c3013f-82a7-4acc-89a7-f3651391f43d.png,1
201,cocoglide:000000132622:edited,edited,nebula/CocoGlide,000000132622,cocoglide:000000132622,4
202,cocoglide:000000083113:real,real,nebula/CocoGlide,000000083113,cocoglide:000000083113,1
203,diffusiondb:f75ea412-6afd-4bc6-a36b-007ff29ed210.png,synthetic,poloclub/diffusiondb,f75ea412-6afd-4bc6-a36b-007ff29ed210.png,diffusiondb:f75ea412-6afd-4bc6-a36b-007ff29ed210.png,4
204,cocoglide:000000125952:real,real,nebula/CocoGlide,000000125952,cocoglide:000000125952,2
205,cocoglide:000000228436:real,real,nebula/CocoGlide,000000228436,cocoglide:000000228436,4
206,cocoglide:000000146363:edited,edited,nebula/CocoGlide,000000146363,cocoglide:000000146363,5
207,cocoglide:000000233033:real,real,nebula/CocoGlide,000000233033,cocoglide:000000233033,1
208,diffusiondb:54d56bc8-b05a-4920-b4ca-b6450d01d89d.png,synthetic,poloclub/diffusiondb,54d56bc8-b05a-4920-b4ca-b6450d01d89d.png,diffusiondb:54d56bc8-b05a-4920-b4ca-b6450d01d89d.png,2
209,cocoglide:000000284296:real,real,nebula/CocoGlide,000000284296,cocoglide:000000284296,5
210,cocoglide:000000180296:edited,edited,nebula/CocoGlide,000000180296,cocoglide:000000180296,4
211,cocoglide:000000544052:edited,edited,nebula/CocoGlide,000000544052,cocoglide:000000544052,5
212,cocoglide:000000099428:real,real,nebula/CocoGlide,000000099428,cocoglide:000000099428,5
213,cocoglide:000000402473:real,real,nebula/CocoGlide,000000402473,cocoglide:000000402473,3
214,cocoglide:000000143998:edited,edited,nebula/CocoGlide,000000143998,cocoglide:000000143998,1
215,cocoglide:000000416991:edited,edited,nebula/CocoGlide,000000416991,cocoglide:000000416991,5
216,cocoglide:000000095899:edited,edited,nebula/CocoGlide,000000095899,cocoglide:000000095899,1
217,cocoglide:000000156278:real,real,nebula/CocoGlide,000000156278,cocoglide:000000156278,3
218,diffusiondb:a4fe8337-b473-4a49-bf44-ad7c1eafc8cc.png,synthetic,poloclub/diffusiondb,a4fe8337-b473-4a49-bf44-ad7c1eafc8cc.png,diffusiondb:a4fe8337-b473-4a49-bf44-ad7c1eafc8cc.png,1
219,cocoglide:000000127182:edited,edited,nebula/CocoGlide,000000127182,cocoglide:000000127182,2
220,cocoglide:000000285788:real,real,nebula/CocoGlide,000000285788,cocoglide:000000285788,2
221,cocoglide:000000451150:real,real,nebula/CocoGlide,000000451150,cocoglide:000000451150,5
222,cocoglide:000000228436:edited,edited,nebula/CocoGlide,000000228436,cocoglide:000000228436,4
223,cocoglide:000000269942:edited,edited,nebula/CocoGlide,000000269942,cocoglide:000000269942,3
224,diffusiondb:0bdcbf71-0a32-496e-a988-188a576a500c.png,synthetic,poloclub/diffusiondb,0bdcbf71-0a32-496e-a988-188a576a500c.png,diffusiondb:0bdcbf71-0a32-496e-a988-188a576a500c.png,3
225,diffusiondb:937a7942-a537-45a3-9a38-3354c7a76187.png,synthetic,poloclub/diffusiondb,937a7942-a537-45a3-9a38-3354c7a76187.png,diffusiondb:937a7942-a537-45a3-9a38-3354c7a76187.png,1
226,cocoglide:000000210030:edited,edited,nebula/CocoGlide,000000210030,cocoglide:000000210030,2
227,cocoglide:000000231822:edited,edited,nebula/CocoGlide,000000231822,cocoglide:000000231822,5
228,cocoglide:000000189451:real,real,nebula/CocoGlide,000000189451,cocoglide:000000189451,1
229,cocoglide:000000213224:real,real,nebula/CocoGlide,000000213224,cocoglide:000000213224,3
230,cocoglide:000000084650:edited,edited,nebula/CocoGlide,000000084650,cocoglide:000000084650,4
231,cocoglide:000000001675:edited,edited,nebula/CocoGlide,000000001675,cocoglide:000000001675,4
232,cocoglide:000000394328:edited,edited,nebula/CocoGlide,000000394328,cocoglide:000000394328,4
233,diffusiondb:e13b0391-1c65-40b2-9060-f257f9c55cc8.png,synthetic,poloclub/diffusiondb,e13b0391-1c65-40b2-9060-f257f9c55cc8.png,diffusiondb:e13b0391-1c65-40b2-9060-f257f9c55cc8.png,1
234,cocoglide:000000382088:real,real,nebula/CocoGlide,000000382088,cocoglide:000000382088,5
235,diffusiondb:2eca5f1c-03f8-4560-a61a-bf78927dae8f.png,synthetic,poloclub/diffusiondb,2eca5f1c-03f8-4560-a61a-bf78927dae8f.png,diffusiondb:2eca5f1c-03f8-4560-a61a-bf78927dae8f.png,1
236,diffusiondb:09c751ce-f24d-42d4-bb3f-168d85047671.png,synthetic,poloclub/diffusiondb,09c751ce-f24d-42d4-bb3f-168d85047671.png,diffusiondb:09c751ce-f24d-42d4-bb3f-168d85047671.png,4
237,diffusiondb:7f3d7e1e-9edf-4698-9079-f6e1e7e7f0e0.png,synthetic,poloclub/diffusiondb,7f3d7e1e-9edf-4698-9079-f6e1e7e7f0e0.png,diffusiondb:7f3d7e1e-9edf-4698-9079-f6e1e7e7f0e0.png,5
238,diffusiondb:79272d54-ff06-46f6-bb45-b6efe8436917.png,synthetic,poloclub/diffusiondb,79272d54-ff06-46f6-bb45-b6efe8436917.png,diffusiondb:79272d54-ff06-46f6-bb45-b6efe8436917.png,5
239,diffusiondb:0f2a62f6-a579-45ea-8a74-15db101908e2.png,synthetic,poloclub/diffusiondb,0f2a62f6-a579-45ea-8a74-15db101908e2.png,diffusiondb:0f2a62f6-a579-45ea-8a74-15db101908e2.png,2
240,diffusiondb:716af4bc-01a2-449a-9fbe-868f41670f3f.png,synthetic,poloclub/diffusiondb,716af4bc-01a2-449a-9fbe-868f41670f3f.png,diffusiondb:716af4bc-01a2-449a-9fbe-868f41670f3f.png,1
241,cocoglide:000000426166:real,real,nebula/CocoGlide,000000426166,cocoglide:000000426166,1
242,cocoglide:000000433192:real,real,nebula/CocoGlide,000000433192,cocoglide:000000433192,5
243,diffusiondb:e3f5958d-65cd-4774-952e-722f577f368e.png,synthetic,poloclub/diffusiondb,e3f5958d-65cd-4774-952e-722f577f368e.png,diffusiondb:e3f5958d-65cd-4774-952e-722f577f368e.png,5
244,diffusiondb:a4701a54-d9e4-4b21-b32b-1c8240c26efb.png,synthetic,poloclub/diffusiondb,a4701a54-d9e4-4b21-b32b-1c8240c26efb.png,diffusiondb:a4701a54-d9e4-4b21-b32b-1c8240c26efb.png,5
245,cocoglide:000000318114:edited,edited,nebula/CocoGlide,000000318114,cocoglide:000000318114,5
246,cocoglide:000000166563:edited,edited,nebula/CocoGlide,000000166563,cocoglide:000000166563,1
247,diffusiondb:e6a6017c-99a1-46ed-9486-5872023a793b.png,synthetic,poloclub/diffusiondb,e6a6017c-99a1-46ed-9486-5872023a793b.png,diffusiondb:e6a6017c-99a1-46ed-9486-5872023a793b.png,5
248,diffusiondb:0b64a2d2-8163-405f-94ac-c6c410c2c991.png,synthetic,poloclub/diffusiondb,0b64a2d2-8163-405f-94ac-c6c410c2c991.png,diffusiondb:0b64a2d2-8163-405f-94ac-c6c410c2c991.png,3
249,diffusiondb:5da22109-44ae-4f15-8901-e6ae4690c269.png,synthetic,poloclub/diffusiondb,5da22109-44ae-4f15-8901-e6ae4690c269.png,diffusiondb:5da22109-44ae-4f15-8901-e6ae4690c269.png,4
250,cocoglide:000000408830:real,real,nebula/CocoGlide,000000408830,cocoglide:000000408830,1
251,cocoglide:000000209972:edited,edited,nebula/CocoGlide,000000209972,cocoglide:000000209972,5
252,cocoglide:000000577584:real,real,nebula/CocoGlide,000000577584,cocoglide:000000577584,3
253,cocoglide:000000544052:real,real,nebula/CocoGlide,000000544052,cocoglide:000000544052,5
254,cocoglide:000000348012:real,real,nebula/CocoGlide,000000348012,cocoglide:000000348012,3
255,diffusiondb:f55c85db-d090-40b9-b35c-e04f47f72184.png,synthetic,poloclub/diffusiondb,f55c85db-d090-40b9-b35c-e04f47f72184.png,diffusiondb:f55c85db-d090-40b9-b35c-e04f47f72184.png,3
256,diffusiondb:b53af112-f78d-4c3a-a663-563cd69b1c2e.png,synthetic,poloclub/diffusiondb,b53af112-f78d-4c3a-a663-563cd69b1c2e.png,diffusiondb:b53af112-f78d-4c3a-a663-563cd69b1c2e.png,2
257,cocoglide:000000480842:real,real,nebula/CocoGlide,000000480842,cocoglide:000000480842,2
258,diffusiondb:c7e9e7c3-f27a-4c83-b44f-18b303c4f39b.png,synthetic,poloclub/diffusiondb,c7e9e7c3-f27a-4c83-b44f-18b303c4f39b.png,diffusiondb:c7e9e7c3-f27a-4c83-b44f-18b303c4f39b.png,1
259,diffusiondb:533c258e-4de1-4ad7-8653-9114b1c31a01.png,synthetic,poloclub/diffusiondb,533c258e-4de1-4ad7-8653-9114b1c31a01.png,diffusiondb:533c258e-4de1-4ad7-8653-9114b1c31a01.png,1
260,cocoglide:000000025139:real,real,nebula/CocoGlide,000000025139,cocoglide:000000025139,4
261,cocoglide:000000147518:edited,edited,nebula/CocoGlide,000000147518,cocoglide:000000147518,5
262,cocoglide:000000521405:edited,edited,nebula/CocoGlide,000000521405,cocoglide:000000521405,2
263,cocoglide:000000338986:real,real,nebula/CocoGlide,000000338986,cocoglide:000000338986,2
264,cocoglide:000000290592:real,real,nebula/CocoGlide,000000290592,cocoglide:000000290592,5
265,diffusiondb:b27f704d-4704-4fba-b94a-bd252a7c9e10.png,synthetic,poloclub/diffusiondb,b27f704d-4704-4fba-b94a-bd252a7c9e10.png,diffusiondb:b27f704d-4704-4fba-b94a-bd252a7c9e10.png,2
266,diffusiondb:ba2df51f-f5cd-4821-868a-63f6c70c59aa.png,synthetic,poloclub/diffusiondb,ba2df51f-f5cd-4821-868a-63f6c70c59aa.png,diffusiondb:ba2df51f-f5cd-4821-868a-63f6c70c59aa.png,3
267,cocoglide:000000248314:edited,edited,nebula/CocoGlide,000000248314,cocoglide:000000248314,1
268,diffusiondb:8f712ecf-c706-495d-acd4-fd6c4e13850f.png,synthetic,poloclub/diffusiondb,8f712ecf-c706-495d-acd4-fd6c4e13850f.png,diffusiondb:8f712ecf-c706-495d-acd4-fd6c4e13850f.png,1
269,cocoglide:000000320632:edited,edited,nebula/CocoGlide,000000320632,cocoglide:000000320632,4
270,diffusiondb:7e113110-0809-48c5-9477-ee22bab0f7e3.png,synthetic,poloclub/diffusiondb,7e113110-0809-48c5-9477-ee22bab0f7e3.png,diffusiondb:7e113110-0809-48c5-9477-ee22bab0f7e3.png,5
271,diffusiondb:7974025b-1c7f-49d6-befe-833ac25aa415.png,synthetic,poloclub/diffusiondb,7974025b-1c7f-49d6-befe-833ac25aa415.png,diffusiondb:7974025b-1c7f-49d6-befe-833ac25aa415.png,5
272,diffusiondb:44fa7bfe-88c1-46e2-8b97-3ae30b93dcb8.png,synthetic,poloclub/diffusiondb,44fa7bfe-88c1-46e2-8b97-3ae30b93dcb8.png,diffusiondb:44fa7bfe-88c1-46e2-8b97-3ae30b93dcb8.png,2
273,cocoglide:000000293474:real,real,nebula/CocoGlide,000000293474,cocoglide:000000293474,1
274,cocoglide:000000050896:real,real,nebula/CocoGlide,000000050896,cocoglide:000000050896,2
275,diffusiondb:bdf4c0b0-6392-4c01-88c8-d7d209bd42a7.png,synthetic,poloclub/diffusiondb,bdf4c0b0-6392-4c01-88c8-d7d209bd42a7.png,diffusiondb:bdf4c0b0-6392-4c01-88c8-d7d209bd42a7.png,1
276,diffusiondb:73ff4e0e-b175-42d5-b08a-5884672011d1.png,synthetic,poloclub/diffusiondb,73ff4e0e-b175-42d5-b08a-5884672011d1.png,diffusiondb:73ff4e0e-b175-42d5-b08a-5884672011d1.png,1
277,cocoglide:000000114871:real,real,nebula/CocoGlide,000000114871,cocoglide:000000114871,1
278,diffusiondb:41b887bd-d3b6-4ba9-9cb4-da576623df02.png,synthetic,poloclub/diffusiondb,41b887bd-d3b6-4ba9-9cb4-da576623df02.png,diffusiondb:41b887bd-d3b6-4ba9-9cb4-da576623df02.png,2
279,diffusiondb:b2860b1b-8051-4809-ae3a-6a703ce47c6a.png,synthetic,poloclub/diffusiondb,b2860b1b-8051-4809-ae3a-6a703ce47c6a.png,diffusiondb:b2860b1b-8051-4809-ae3a-6a703ce47c6a.png,5
280,diffusiondb:0698d2e2-c8d4-4404-8da7-34b511a1e24d.png,synthetic,poloclub/diffusiondb,0698d2e2-c8d4-4404-8da7-34b511a1e24d.png,diffusiondb:0698d2e2-c8d4-4404-8da7-34b511a1e24d.png,1
281,diffusiondb:1a2569d4-8ced-422b-8252-50aeceed464f.png,synthetic,poloclub/diffusiondb,1a2569d4-8ced-422b-8252-50aeceed464f.png,diffusiondb:1a2569d4-8ced-422b-8252-50aeceed464f.png,2
282,cocoglide:000000344614:real,real,nebula/CocoGlide,000000344614,cocoglide:000000344614,5
283,diffusiondb:aa713fb5-92dc-4f14-9186-733757977f1c.png,synthetic,poloclub/diffusiondb,aa713fb5-92dc-4f14-9186-733757977f1c.png,diffusiondb:aa713fb5-92dc-4f14-9186-733757977f1c.png,5
284,cocoglide:000000267940:edited,edited,nebula/CocoGlide,000000267940,cocoglide:000000267940,3
285,cocoglide:000000252332:real,real,nebula/CocoGlide,000000252332,cocoglide:000000252332,1
286,diffusiondb:a8bc3cb9-eeb9-43ff-be92-15fc42697fb6.png,synthetic,poloclub/diffusiondb,a8bc3cb9-eeb9-43ff-be92-15fc42697fb6.png,diffusiondb:a8bc3cb9-eeb9-43ff-be92-15fc42697fb6.png,5
287,cocoglide:000000066135:edited,edited,nebula/CocoGlide,000000066135,cocoglide:000000066135,4
288,diffusiondb:98de2204-07d3-4739-b059-44c0a3f79b17.png,synthetic,poloclub/diffusiondb,98de2204-07d3-4739-b059-44c0a3f79b17.png,diffusiondb:98de2204-07d3-4739-b059-44c0a3f79b17.png,5
289,diffusiondb:c5b3dbed-38a5-475f-b736-6beee44b8f7b.png,synthetic,poloclub/diffusiondb,c5b3dbed-38a5-475f-b736-6beee44b8f7b.png,diffusiondb:c5b3dbed-38a5-475f-b736-6beee44b8f7b.png,2
290,diffusiondb:aadf3d4c-7041-4fb2-8e87-208961c9b6a2.png,synthetic,poloclub/diffusiondb,aadf3d4c-7041-4fb2-8e87-208961c9b6a2.png,diffusiondb:aadf3d4c-7041-4fb2-8e87-208961c9b6a2.png,3
291,cocoglide:000000580757:edited,edited,nebula/CocoGlide,000000580757,cocoglide:000000580757,4
292,cocoglide:000000559707:edited,edited,nebula/CocoGlide,000000559707,cocoglide:000000559707,3
293,cocoglide:000000233033:edited,edited,nebula/CocoGlide,000000233033,cocoglide:000000233033,1
294,cocoglide:000000377882:real,real,nebula/CocoGlide,000000377882,cocoglide:000000377882,3
295,diffusiondb:90788952-bd3d-4f23-9cfb-9397864130fc.png,synthetic,poloclub/diffusiondb,90788952-bd3d-4f23-9cfb-9397864130fc.png,diffusiondb:90788952-bd3d-4f23-9cfb-9397864130fc.png,3
296,cocoglide:000000066841:real,real,nebula/CocoGlide,000000066841,cocoglide:000000066841,2
297,cocoglide:000000424721:real,real,nebula/CocoGlide,000000424721,cocoglide:000000424721,3
298,cocoglide:000000198960:real,real,nebula/CocoGlide,000000198960,cocoglide:000000198960,5
299,diffusiondb:6a0161b3-8a03-4d92-89fe-839a6bf166a6.png,synthetic,poloclub/diffusiondb,6a0161b3-8a03-4d92-89fe-839a6bf166a6.png,diffusiondb:6a0161b3-8a03-4d92-89fe-839a6bf166a6.png,5
300,cocoglide:000000338191:edited,edited,nebula/CocoGlide,000000338191,cocoglide:000000338191,1
301,cocoglide:000000293071:real,real,nebula/CocoGlide,000000293071,cocoglide:000000293071,1
302,cocoglide:000000313130:real,real,nebula/CocoGlide,000000313130,cocoglide:000000313130,3
303,cocoglide:000000015517:edited,edited,nebula/CocoGlide,000000015517,cocoglide:000000015517,5
304,cocoglide:000000416269:real,real,nebula/CocoGlide,000000416269,cocoglide:000000416269,5
305,cocoglide:000000173091:real,real,nebula/CocoGlide,000000173091,cocoglide:000000173091,1
306,cocoglide:000000043581:edited,edited,nebula/CocoGlide,000000043581,cocoglide:000000043581,3
307,diffusiondb:54e908b8-3e70-4e3c-9456-b0f13fac1ccf.png,synthetic,poloclub/diffusiondb,54e908b8-3e70-4e3c-9456-b0f13fac1ccf.png,diffusiondb:54e908b8-3e70-4e3c-9456-b0f13fac1ccf.png,4
308,cocoglide:000000377575:edited,edited,nebula/CocoGlide,000000377575,cocoglide:000000377575,4
309,cocoglide:000000008277:real,real,nebula/CocoGlide,000000008277,cocoglide:000000008277,4
310,diffusiondb:8a4d1cf5-23f5-448f-b110-7df92b4397b0.png,synthetic,poloclub/diffusiondb,8a4d1cf5-23f5-448f-b110-7df92b4397b0.png,diffusiondb:8a4d1cf5-23f5-448f-b110-7df92b4397b0.png,4
311,cocoglide:000000201934:real,real,nebula/CocoGlide,000000201934,cocoglide:000000201934,2
312,cocoglide:000000499768:edited,edited,nebula/CocoGlide,000000499768,cocoglide:000000499768,5
313,diffusiondb:56550262-8782-4c09-9b10-2da45d1504aa.png,synthetic,poloclub/diffusiondb,56550262-8782-4c09-9b10-2da45d1504aa.png,diffusiondb:56550262-8782-4c09-9b10-2da45d1504aa.png,4
314,cocoglide:000000493284:real,real,nebula/CocoGlide,000000493284,cocoglide:000000493284,4
315,cocoglide:000000025139:edited,edited,nebula/CocoGlide,000000025139,cocoglide:000000025139,4
316,cocoglide:000000201934:edited,edited,nebula/CocoGlide,000000201934,cocoglide:000000201934,2
317,diffusiondb:450bc48b-df72-47f9-94cd-a8eecab001bc.png,synthetic,poloclub/diffusiondb,450bc48b-df72-47f9-94cd-a8eecab001bc.png,diffusiondb:450bc48b-df72-47f9-94cd-a8eecab001bc.png,4
318,diffusiondb:cc07af25-370c-4f0c-b1ef-3eee19cdd405.png,synthetic,poloclub/diffusiondb,cc07af25-370c-4f0c-b1ef-3eee19cdd405.png,diffusiondb:cc07af25-370c-4f0c-b1ef-3eee19cdd405.png,3
319,diffusiondb:f074ba22-f341-4605-aa83-ead2eacade78.png,synthetic,poloclub/diffusiondb,f074ba22-f341-4605-aa83-ead2eacade78.png,diffusiondb:f074ba22-f341-4605-aa83-ead2eacade78.png,1
320,cocoglide:000000248314:real,real,nebula/CocoGlide,000000248314,cocoglide:000000248314,1
321,cocoglide:000000499768:real,real,nebula/CocoGlide,000000499768,cocoglide:000000499768,5
322,diffusiondb:a0662d07-2ac5-4f74-a2a7-9d657fb52f80.png,synthetic,poloclub/diffusiondb,a0662d07-2ac5-4f74-a2a7-9d657fb52f80.png,diffusiondb:a0662d07-2ac5-4f74-a2a7-9d657fb52f80.png,5
323,cocoglide:000000438226:edited,edited,nebula/CocoGlide,000000438226,cocoglide:000000438226,2
324,cocoglide:000000244411:real,real,nebula/CocoGlide,000000244411,cocoglide:000000244411,1
325,diffusiondb:21ad8e74-d0ba-4191-b37c-a1d515c6715a.png,synthetic,poloclub/diffusiondb,21ad8e74-d0ba-4191-b37c-a1d515c6715a.png,diffusiondb:21ad8e74-d0ba-4191-b37c-a1d515c6715a.png,2
326,diffusiondb:6f2309cb-de70-4cbe-9eef-04c58accd5ff.png,synthetic,poloclub/diffusiondb,6f2309cb-de70-4cbe-9eef-04c58accd5ff.png,diffusiondb:6f2309cb-de70-4cbe-9eef-04c58accd5ff.png,4
327,cocoglide:000000393282:edited,edited,nebula/CocoGlide,000000393282,cocoglide:000000393282,4
328,cocoglide:000000085911:edited,edited,nebula/CocoGlide,000000085911,cocoglide:000000085911,5
329,cocoglide:000000451090:edited,edited,nebula/CocoGlide,000000451090,cocoglide:000000451090,1
330,diffusiondb:8898c026-8009-4cd8-be16-07f4c34d6c9b.png,synthetic,poloclub/diffusiondb,8898c026-8009-4cd8-be16-07f4c34d6c9b.png,diffusiondb:8898c026-8009-4cd8-be16-07f4c34d6c9b.png,5
331,cocoglide:000000366141:edited,edited,nebula/CocoGlide,000000366141,cocoglide:000000366141,2
332,cocoglide:000000531495:real,real,nebula/CocoGlide,000000531495,cocoglide:000000531495,1
333,cocoglide:000000231088:edited,edited,nebula/CocoGlide,000000231088,cocoglide:000000231088,1
334,diffusiondb:4573f6fe-2c15-4c19-9b69-563d0f55c056.png,synthetic,poloclub/diffusiondb,4573f6fe-2c15-4c19-9b69-563d0f55c056.png,diffusiondb:4573f6fe-2c15-4c19-9b69-563d0f55c056.png,4
335,diffusiondb:3530ce75-dd35-46b1-867f-428ebc4ca2a7.png,synthetic,poloclub/diffusiondb,3530ce75-dd35-46b1-867f-428ebc4ca2a7.png,diffusiondb:3530ce75-dd35-46b1-867f-428ebc4ca2a7.png,3
336,cocoglide:000000044652:edited,edited,nebula/CocoGlide,000000044652,cocoglide:000000044652,3
337,cocoglide:000000451090:real,real,nebula/CocoGlide,000000451090,cocoglide:000000451090,1
338,cocoglide:000000261161:edited,edited,nebula/CocoGlide,000000261161,cocoglide:000000261161,4
339,cocoglide:000000120853:real,real,nebula/CocoGlide,000000120853,cocoglide:000000120853,4
340,diffusiondb:f07364da-dc95-4bac-94cf-d0bf0cc53404.png,synthetic,poloclub/diffusiondb,f07364da-dc95-4bac-94cf-d0bf0cc53404.png,diffusiondb:f07364da-dc95-4bac-94cf-d0bf0cc53404.png,1
341,cocoglide:000000534664:real,real,nebula/CocoGlide,000000534664,cocoglide:000000534664,1
342,cocoglide:000000377814:real,real,nebula/CocoGlide,000000377814,cocoglide:000000377814,5
343,cocoglide:000000060449:real,real,nebula/CocoGlide,000000060449,cocoglide:000000060449,2
344,diffusiondb:83b64fe3-955e-4f9b-9fd4-620061ac62a0.png,synthetic,poloclub/diffusiondb,83b64fe3-955e-4f9b-9fd4-620061ac62a0.png,diffusiondb:83b64fe3-955e-4f9b-9fd4-620061ac62a0.png,5
345,cocoglide:000000540928:real,real,nebula/CocoGlide,000000540928,cocoglide:000000540928,1
346,diffusiondb:912c090c-bf7c-47c5-97e4-1bce6252a14d.png,synthetic,poloclub/diffusiondb,912c090c-bf7c-47c5-97e4-1bce6252a14d.png,diffusiondb:912c090c-bf7c-47c5-97e4-1bce6252a14d.png,4
347,diffusiondb:d68607e6-554f-4746-a284-9aae71b89d42.png,synthetic,poloclub/diffusiondb,d68607e6-554f-4746-a284-9aae71b89d42.png,diffusiondb:d68607e6-554f-4746-a284-9aae71b89d42.png,4
348,diffusiondb:ae011ee5-e52e-424d-a9ec-05cd014ab068.png,synthetic,poloclub/diffusiondb,ae011ee5-e52e-424d-a9ec-05cd014ab068.png,diffusiondb:ae011ee5-e52e-424d-a9ec-05cd014ab068.png,3
349,cocoglide:000000259625:edited,edited,nebula/CocoGlide,000000259625,cocoglide:000000259625,1
350,cocoglide:000000099428:edited,edited,nebula/CocoGlide,000000099428,cocoglide:000000099428,5
351,cocoglide:000000470121:real,real,nebula/CocoGlide,000000470121,cocoglide:000000470121,3
352,cocoglide:000000196754:edited,edited,nebula/CocoGlide,000000196754,cocoglide:000000196754,3
353,cocoglide:000000530457:edited,edited,nebula/CocoGlide,000000530457,cocoglide:000000530457,3
354,diffusiondb:dc7a750f-7bea-4e4c-aef4-933040e5ce96.png,synthetic,poloclub/diffusiondb,dc7a750f-7bea-4e4c-aef4-933040e5ce96.png,diffusiondb:dc7a750f-7bea-4e4c-aef4-933040e5ce96.png,5
355,cocoglide:000000384651:real,real,nebula/CocoGlide,000000384651,cocoglide:000000384651,4
356,cocoglide:000000344795:real,real,nebula/CocoGlide,000000344795,cocoglide:000000344795,1
357,cocoglide:000000000285:real,real,nebula/CocoGlide,000000000285,cocoglide:000000000285,1
358,diffusiondb:64e75a46-5c5c-4329-b587-7bf66f75b38f.png,synthetic,poloclub/diffusiondb,64e75a46-5c5c-4329-b587-7bf66f75b38f.png,diffusiondb:64e75a46-5c5c-4329-b587-7bf66f75b38f.png,3
359,diffusiondb:4a39826a-eefd-4687-884c-db28b6c8e04a.png,synthetic,poloclub/diffusiondb,4a39826a-eefd-4687-884c-db28b6c8e04a.png,diffusiondb:4a39826a-eefd-4687-884c-db28b6c8e04a.png,3
360,diffusiondb:229aa6e6-0400-47ce-be98-b2948c2fb68a.png,synthetic,poloclub/diffusiondb,229aa6e6-0400-47ce-be98-b2948c2fb68a.png,diffusiondb:229aa6e6-0400-47ce-be98-b2948c2fb68a.png,5
361,cocoglide:000000029675:real,real,nebula/CocoGlide,000000029675,cocoglide:000000029675,3
362,cocoglide:000000433374:real,real,nebula/CocoGlide,000000433374,cocoglide:000000433374,3
363,cocoglide:000000489046:real,real,nebula/CocoGlide,000000489046,cocoglide:000000489046,4
364,cocoglide:000000060449:edited,edited,nebula/CocoGlide,000000060449,cocoglide:000000060449,2
365,cocoglide:000000304984:real,real,nebula/CocoGlide,000000304984,cocoglide:000000304984,2
366,diffusiondb:3c38b34c-9f6b-447e-8421-df3c8c9d8391.png,synthetic,poloclub/diffusiondb,3c38b34c-9f6b-447e-8421-df3c8c9d8391.png,diffusiondb:3c38b34c-9f6b-447e-8421-df3c8c9d8391.png,4
367,diffusiondb:8b5442c4-a782-4b0c-8915-e4a28a2f7dc9.png,synthetic,poloclub/diffusiondb,8b5442c4-a782-4b0c-8915-e4a28a2f7dc9.png,diffusiondb:8b5442c4-a782-4b0c-8915-e4a28a2f7dc9.png,2
368,cocoglide:000000408830:edited,edited,nebula/CocoGlide,000000408830,cocoglide:000000408830,1
369,cocoglide:000000338986:edited,edited,nebula/CocoGlide,000000338986,cocoglide:000000338986,2
370,diffusiondb:408b0c84-326c-4244-965a-04ff5ddc71de.png,synthetic,poloclub/diffusiondb,408b0c84-326c-4244-965a-04ff5ddc71de.png,diffusiondb:408b0c84-326c-4244-965a-04ff5ddc71de.png,2
371,diffusiondb:4a06aebd-4f11-4f96-a8e2-d38907495a1f.png,synthetic,poloclub/diffusiondb,4a06aebd-4f11-4f96-a8e2-d38907495a1f.png,diffusiondb:4a06aebd-4f11-4f96-a8e2-d38907495a1f.png,2
372,cocoglide:000000293858:edited,edited,nebula/CocoGlide,000000293858,cocoglide:000000293858,2
373,cocoglide:000000141597:edited,edited,nebula/CocoGlide,000000141597,cocoglide:000000141597,1
374,cocoglide:000000471869:edited,edited,nebula/CocoGlide,000000471869,cocoglide:000000471869,4
375,cocoglide:000000084650:real,real,nebula/CocoGlide,000000084650,cocoglide:000000084650,4
376,cocoglide:000000559707:real,real,nebula/CocoGlide,000000559707,cocoglide:000000559707,3
377,diffusiondb:bdcac1c7-3983-4481-93f7-c61af46d6816.png,synthetic,poloclub/diffusiondb,bdcac1c7-3983-4481-93f7-c61af46d6816.png,diffusiondb:bdcac1c7-3983-4481-93f7-c61af46d6816.png,4
378,cocoglide:000000369370:edited,edited,nebula/CocoGlide,000000369370,cocoglide:000000369370,4
379,cocoglide:000000122969:real,real,nebula/CocoGlide,000000122969,cocoglide:000000122969,4
380,cocoglide:000000335427:edited,edited,nebula/CocoGlide,000000335427,cocoglide:000000335427,5
381,cocoglide:000000168593:edited,edited,nebula/CocoGlide,000000168593,cocoglide:000000168593,2
382,cocoglide:000000335427:real,real,nebula/CocoGlide,000000335427,cocoglide:000000335427,5
383,cocoglide:000000504439:edited,edited,nebula/CocoGlide,000000504439,cocoglide:000000504439,4
384,cocoglide:000000384616:edited,edited,nebula/CocoGlide,000000384616,cocoglide:000000384616,5
385,diffusiondb:ef287977-5da5-4864-b6c4-a42214ca59f3.png,synthetic,poloclub/diffusiondb,ef287977-5da5-4864-b6c4-a42214ca59f3.png,diffusiondb:ef287977-5da5-4864-b6c4-a42214ca59f3.png,2
386,cocoglide:000000139883:edited,edited,nebula/CocoGlide,000000139883,cocoglide:000000139883,3
387,cocoglide:000000223789:edited,edited,nebula/CocoGlide,000000223789,cocoglide:000000223789,4
388,cocoglide:000000223789:real,real,nebula/CocoGlide,000000223789,cocoglide:000000223789,4
389,diffusiondb:cccb797a-8b34-45ca-a1c0-fdc093b38eb4.png,synthetic,poloclub/diffusiondb,cccb797a-8b34-45ca-a1c0-fdc093b38eb4.png,diffusiondb:cccb797a-8b34-45ca-a1c0-fdc093b38eb4.png,1
390,cocoglide:000000048924:real,real,nebula/CocoGlide,000000048924,cocoglide:000000048924,1
391,cocoglide:000000475678:real,real,nebula/CocoGlide,000000475678,cocoglide:000000475678,2
392,cocoglide:000000034205:real,real,nebula/CocoGlide,000000034205,cocoglide:000000034205,4
393,cocoglide:000000211069:real,real,nebula/CocoGlide,000000211069,cocoglide:000000211069,5
394,cocoglide:000000369771:real,real,nebula/CocoGlide,000000369771,cocoglide:000000369771,1
395,cocoglide:000000476787:edited,edited,nebula/CocoGlide,000000476787,cocoglide:000000476787,3
396,cocoglide:000000537802:real,real,nebula/CocoGlide,000000537802,cocoglide:000000537802,2
397,diffusiondb:8df1a636-9f2b-44ae-951f-07ec6a072469.png,synthetic,poloclub/diffusiondb,8df1a636-9f2b-44ae-951f-07ec6a072469.png,diffusiondb:8df1a636-9f2b-44ae-951f-07ec6a072469.png,5
398,diffusiondb:d8d7a899-3d38-45c9-af0d-3ca0cae33b19.png,synthetic,poloclub/diffusiondb,d8d7a899-3d38-45c9-af0d-3ca0cae33b19.png,diffusiondb:d8d7a899-3d38-45c9-af0d-3ca0cae33b19.png,1
399,cocoglide:000000446522:real,real,nebula/CocoGlide,000000446522,cocoglide:000000446522,3
400,cocoglide:000000002149:edited,edited,nebula/CocoGlide,000000002149,cocoglide:000000002149,4
401,cocoglide:000000122969:edited,edited,nebula/CocoGlide,000000122969,cocoglide:000000122969,4
402,cocoglide:000000189451:edited,edited,nebula/CocoGlide,000000189451,cocoglide:000000189451,1
403,cocoglide:000000180798:real,real,nebula/CocoGlide,000000180798,cocoglide:000000180798,1
404,cocoglide:000000050896:edited,edited,nebula/CocoGlide,000000050896,cocoglide:000000050896,2
405,cocoglide:000000221213:edited,edited,nebula/CocoGlide,000000221213,cocoglide:000000221213,3
406,diffusiondb:492b70da-7224-4ed2-96a4-66e8e709ac8f.png,synthetic,poloclub/diffusiondb,492b70da-7224-4ed2-96a4-66e8e709ac8f.png,diffusiondb:492b70da-7224-4ed2-96a4-66e8e709ac8f.png,1
407,cocoglide:000000392818:real,real,nebula/CocoGlide,000000392818,cocoglide:000000392818,1
408,cocoglide:000000085195:real,real,nebula/CocoGlide,000000085195,cocoglide:000000085195,5
409,diffusiondb:6d83c096-1552-4075-9fdd-d9aec1d1fc8f.png,synthetic,poloclub/diffusiondb,6d83c096-1552-4075-9fdd-d9aec1d1fc8f.png,diffusiondb:6d83c096-1552-4075-9fdd-d9aec1d1fc8f.png,1
410,cocoglide:000000365766:edited,edited,nebula/CocoGlide,000000365766,cocoglide:000000365766,1
411,diffusiondb:108f3046-8619-4dc8-b339-584d91277488.png,synthetic,poloclub/diffusiondb,108f3046-8619-4dc8-b339-584d91277488.png,diffusiondb:108f3046-8619-4dc8-b339-584d91277488.png,4
412,cocoglide:000000420472:real,real,nebula/CocoGlide,000000420472,cocoglide:000000420472,1
413,cocoglide:000000148957:real,real,nebula/CocoGlide,000000148957,cocoglide:000000148957,2
414,diffusiondb:80883fc4-6d23-417a-9c21-81e76387fd85.png,synthetic,poloclub/diffusiondb,80883fc4-6d23-417a-9c21-81e76387fd85.png,diffusiondb:80883fc4-6d23-417a-9c21-81e76387fd85.png,1
415,cocoglide:000000424721:edited,edited,nebula/CocoGlide,000000424721,cocoglide:000000424721,3
416,diffusiondb:285b67ce-f752-4590-80c7-8224e6797fcc.png,synthetic,poloclub/diffusiondb,285b67ce-f752-4590-80c7-8224e6797fcc.png,diffusiondb:285b67ce-f752-4590-80c7-8224e6797fcc.png,1
417,cocoglide:000000561335:real,real,nebula/CocoGlide,000000561335,cocoglide:000000561335,2
418,cocoglide:000000548506:edited,edited,nebula/CocoGlide,000000548506,cocoglide:000000548506,2
419,diffusiondb:fe3c0a17-492d-46c7-9fb5-bcffca348ba9.png,synthetic,poloclub/diffusiondb,fe3c0a17-492d-46c7-9fb5-bcffca348ba9.png,diffusiondb:fe3c0a17-492d-46c7-9fb5-bcffca348ba9.png,2
420,cocoglide:000000480842:edited,edited,nebula/CocoGlide,000000480842,cocoglide:000000480842,2
421,diffusiondb:041da770-1eb9-493b-b51c-ce33fd1e7108.png,synthetic,poloclub/diffusiondb,041da770-1eb9-493b-b51c-ce33fd1e7108.png,diffusiondb:041da770-1eb9-493b-b51c-ce33fd1e7108.png,4
422,diffusiondb:6a84f9bf-18e2-4708-af12-ff4260737221.png,synthetic,poloclub/diffusiondb,6a84f9bf-18e2-4708-af12-ff4260737221.png,diffusiondb:6a84f9bf-18e2-4708-af12-ff4260737221.png,4
423,cocoglide:000000416256:edited,edited,nebula/CocoGlide,000000416256,cocoglide:000000416256,1
424,diffusiondb:a75aa3db-6fca-4ffa-a132-f57ada7a91de.png,synthetic,poloclub/diffusiondb,a75aa3db-6fca-4ffa-a132-f57ada7a91de.png,diffusiondb:a75aa3db-6fca-4ffa-a132-f57ada7a91de.png,1
425,diffusiondb:3e949498-7789-42c4-afaa-09ac8fc04a31.png,synthetic,poloclub/diffusiondb,3e949498-7789-42c4-afaa-09ac8fc04a31.png,diffusiondb:3e949498-7789-42c4-afaa-09ac8fc04a31.png,1
426,diffusiondb:7d09bea2-3b08-4b2d-bf0b-23cbc68876e7.png,synthetic,poloclub/diffusiondb,7d09bea2-3b08-4b2d-bf0b-23cbc68876e7.png,diffusiondb:7d09bea2-3b08-4b2d-bf0b-23cbc68876e7.png,5
427,cocoglide:000000044699:edited,edited,nebula/CocoGlide,000000044699,cocoglide:000000044699,5
428,diffusiondb:98d090c9-b113-4698-87ee-894b35029b39.png,synthetic,poloclub/diffusiondb,98d090c9-b113-4698-87ee-894b35029b39.png,diffusiondb:98d090c9-b113-4698-87ee-894b35029b39.png,2
429,cocoglide:000000498286:edited,edited,nebula/CocoGlide,000000498286,cocoglide:000000498286,1
430,cocoglide:000000000285:edited,edited,nebula/CocoGlide,000000000285,cocoglide:000000000285,1
431,cocoglide:000000375078:edited,edited,nebula/CocoGlide,000000375078,cocoglide:000000375078,1
432,cocoglide:000000304817:real,real,nebula/CocoGlide,000000304817,cocoglide:000000304817,5
433,cocoglide:000000111179:real,real,nebula/CocoGlide,000000111179,cocoglide:000000111179,4
434,cocoglide:000000095786:edited,edited,nebula/CocoGlide,000000095786,cocoglide:000000095786,4
435,cocoglide:000000168593:real,real,nebula/CocoGlide,000000168593,cocoglide:000000168593,2
436,cocoglide:000000114871:edited,edited,nebula/CocoGlide,000000114871,cocoglide:000000114871,1
437,cocoglide:000000526103:edited,edited,nebula/CocoGlide,000000526103,cocoglide:000000526103,3
438,cocoglide:000000498286:real,real,nebula/CocoGlide,000000498286,cocoglide:000000498286,1
439,cocoglide:000000164363:edited,edited,nebula/CocoGlide,000000164363,cocoglide:000000164363,2
440,diffusiondb:e4c8b8da-b23f-4149-93c4-64af6ab2bdd8.png,synthetic,poloclub/diffusiondb,e4c8b8da-b23f-4149-93c4-64af6ab2bdd8.png,diffusiondb:e4c8b8da-b23f-4149-93c4-64af6ab2bdd8.png,1
441,diffusiondb:4400ee1a-cb7c-41fb-93f9-6e46de98d511.png,synthetic,poloclub/diffusiondb,4400ee1a-cb7c-41fb-93f9-6e46de98d511.png,diffusiondb:4400ee1a-cb7c-41fb-93f9-6e46de98d511.png,5
442,cocoglide:000000221213:real,real,nebula/CocoGlide,000000221213,cocoglide:000000221213,3
443,diffusiondb:b58f49f9-f8b0-4c21-a967-113d5d6b9b4f.png,synthetic,poloclub/diffusiondb,b58f49f9-f8b0-4c21-a967-113d5d6b9b4f.png,diffusiondb:b58f49f9-f8b0-4c21-a967-113d5d6b9b4f.png,1
444,cocoglide:000000049269:edited,edited,nebula/CocoGlide,000000049269,cocoglide:000000049269,3
445,cocoglide:000000210502:edited,edited,nebula/CocoGlide,000000210502,cocoglide:000000210502,2
446,cocoglide:000000377814:edited,edited,nebula/CocoGlide,000000377814,cocoglide:000000377814,5
447,cocoglide:000000131938:real,real,nebula/CocoGlide,000000131938,cocoglide:000000131938,2
448,cocoglide:000000105014:real,real,nebula/CocoGlide,000000105014,cocoglide:000000105014,3
449,cocoglide:000000166563:real,real,nebula/CocoGlide,000000166563,cocoglide:000000166563,1
450,cocoglide:000000402473:edited,edited,nebula/CocoGlide,000000402473,cocoglide:000000402473,3
451,diffusiondb:55184eb8-1008-4021-a88d-10d0ce95d63d.png,synthetic,poloclub/diffusiondb,55184eb8-1008-4021-a88d-10d0ce95d63d.png,diffusiondb:55184eb8-1008-4021-a88d-10d0ce95d63d.png,3
452,diffusiondb:6fad9180-d909-432a-9bc6-6304e84b9f51.png,synthetic,poloclub/diffusiondb,6fad9180-d909-432a-9bc6-6304e84b9f51.png,diffusiondb:6fad9180-d909-432a-9bc6-6304e84b9f51.png,2
453,cocoglide:000000320632:real,real,nebula/CocoGlide,000000320632,cocoglide:000000320632,4
454,cocoglide:000000172856:real,real,nebula/CocoGlide,000000172856,cocoglide:000000172856,4
455,cocoglide:000000238866:real,real,nebula/CocoGlide,000000238866,cocoglide:000000238866,4
456,diffusiondb:ab73e48c-2993-406c-af59-5f37add1f1e5.png,synthetic,poloclub/diffusiondb,ab73e48c-2993-406c-af59-5f37add1f1e5.png,diffusiondb:ab73e48c-2993-406c-af59-5f37add1f1e5.png,5
457,diffusiondb:0e2c9a96-d7ae-4a7c-83fe-4e5dc769a3db.png,synthetic,poloclub/diffusiondb,0e2c9a96-d7ae-4a7c-83fe-4e5dc769a3db.png,diffusiondb:0e2c9a96-d7ae-4a7c-83fe-4e5dc769a3db.png,4
458,diffusiondb:590588ac-99ac-4ebb-9bd6-e2e50587bd3b.png,synthetic,poloclub/diffusiondb,590588ac-99ac-4ebb-9bd6-e2e50587bd3b.png,diffusiondb:590588ac-99ac-4ebb-9bd6-e2e50587bd3b.png,2
459,cocoglide:000000435299:real,real,nebula/CocoGlide,000000435299,cocoglide:000000435299,5
460,diffusiondb:547c7764-3a83-48d3-938f-57e96def847a.png,synthetic,poloclub/diffusiondb,547c7764-3a83-48d3-938f-57e96def847a.png,diffusiondb:547c7764-3a83-48d3-938f-57e96def847a.png,3
461,cocoglide:000000002149:real,real,nebula/CocoGlide,000000002149,cocoglide:000000002149,4
462,cocoglide:000000017178:real,real,nebula/CocoGlide,000000017178,cocoglide:000000017178,5
463,cocoglide:000000088265:real,real,nebula/CocoGlide,000000088265,cocoglide:000000088265,3
464,cocoglide:000000269196:real,real,nebula/CocoGlide,000000269196,cocoglide:000000269196,5
465,cocoglide:000000520871:real,real,nebula/CocoGlide,000000520871,cocoglide:000000520871,4
466,cocoglide:000000450439:real,real,nebula/CocoGlide,000000450439,cocoglide:000000450439,4
467,cocoglide:000000267351:real,real,nebula/CocoGlide,000000267351,cocoglide:000000267351,3
468,cocoglide:000000088218:real,real,nebula/CocoGlide,000000088218,cocoglide:000000088218,1
469,cocoglide:000000034205:edited,edited,nebula/CocoGlide,000000034205,cocoglide:000000034205,4
470,cocoglide:000000129054:edited,edited,nebula/CocoGlide,000000129054,cocoglide:000000129054,5
471,cocoglide:000000015440:edited,edited,nebula/CocoGlide,000000015440,cocoglide:000000015440,1
472,cocoglide:000000402433:edited,edited,nebula/CocoGlide,000000402433,cocoglide:000000402433,4
473,cocoglide:000000259625:real,real,nebula/CocoGlide,000000259625,cocoglide:000000259625,1
474,cocoglide:000000228981:real,real,nebula/CocoGlide,000000228981,cocoglide:000000228981,2
475,cocoglide:000000426166:edited,edited,nebula/CocoGlide,000000426166,cocoglide:000000426166,1
476,cocoglide:000000518213:edited,edited,nebula/CocoGlide,000000518213,cocoglide:000000518213,2
477,cocoglide:000000293071:edited,edited,nebula/CocoGlide,000000293071,cocoglide:000000293071,1
478,diffusiondb:e2ad8e1a-c0e2-48b9-bac2-482bb76490ff.png,synthetic,poloclub/diffusiondb,e2ad8e1a-c0e2-48b9-bac2-482bb76490ff.png,diffusiondb:e2ad8e1a-c0e2-48b9-bac2-482bb76490ff.png,2
479,diffusiondb:0067c566-32a1-43a2-99b4-c8df579aefd2.png,synthetic,poloclub/diffusiondb,0067c566-32a1-43a2-99b4-c8df579aefd2.png,diffusiondb:0067c566-32a1-43a2-99b4-c8df579aefd2.png,5
480,diffusiondb:85bda307-f890-49c4-8a14-40a7953878ee.png,synthetic,poloclub/diffusiondb,85bda307-f890-49c4-8a14-40a7953878ee.png,diffusiondb:85bda307-f890-49c4-8a14-40a7953878ee.png,3
481,diffusiondb:991cfb94-6f66-4b0e-9702-7388d385575c.png,synthetic,poloclub/diffusiondb,991cfb94-6f66-4b0e-9702-7388d385575c.png,diffusiondb:991cfb94-6f66-4b0e-9702-7388d385575c.png,1
482,cocoglide:000000231822:real,real,nebula/CocoGlide,000000231822,cocoglide:000000231822,5
483,cocoglide:000000081061:edited,edited,nebula/CocoGlide,000000081061,cocoglide:000000081061,5
484,diffusiondb:2767d6c3-4542-432d-b32c-f9388795b461.png,synthetic,poloclub/diffusiondb,2767d6c3-4542-432d-b32c-f9388795b461.png,diffusiondb:2767d6c3-4542-432d-b32c-f9388795b461.png,2
485,diffusiondb:eb9cd069-63c9-4365-96bf-09c83167b54a.png,synthetic,poloclub/diffusiondb,eb9cd069-63c9-4365-96bf-09c83167b54a.png,diffusiondb:eb9cd069-63c9-4365-96bf-09c83167b54a.png,1
486,cocoglide:000000231088:real,real,nebula/CocoGlide,000000231088,cocoglide:000000231088,1
487,cocoglide:000000066135:real,real,nebula/CocoGlide,000000066135,cocoglide:000000066135,4
488,diffusiondb:01242810-3f06-4a9a-a674-2a5910246ef8.png,synthetic,poloclub/diffusiondb,01242810-3f06-4a9a-a674-2a5910246ef8.png,diffusiondb:01242810-3f06-4a9a-a674-2a5910246ef8.png,2
489,cocoglide:000000344614:edited,edited,nebula/CocoGlide,000000344614,cocoglide:000000344614,5
490,cocoglide:000000370900:edited,edited,nebula/CocoGlide,000000370900,cocoglide:000000370900,4
491,cocoglide:000000222299:edited,edited,nebula/CocoGlide,000000222299,cocoglide:000000222299,3
492,cocoglide:000000451150:edited,edited,nebula/CocoGlide,000000451150,cocoglide:000000451150,5
493,cocoglide:000000365766:real,real,nebula/CocoGlide,000000365766,cocoglide:000000365766,1
494,diffusiondb:5302e3c9-e29f-4f35-9dd5-55334333ef1c.png,synthetic,poloclub/diffusiondb,5302e3c9-e29f-4f35-9dd5-55334333ef1c.png,diffusiondb:5302e3c9-e29f-4f35-9dd5-55334333ef1c.png,2
495,cocoglide:000000405432:edited,edited,nebula/CocoGlide,000000405432,cocoglide:000000405432,5
496,cocoglide:000000580757:real,real,nebula/CocoGlide,000000580757,cocoglide:000000580757,4
497,cocoglide:000000489046:edited,edited,nebula/CocoGlide,000000489046,cocoglide:000000489046,4
498,cocoglide:000000420472:edited,edited,nebula/CocoGlide,000000420472,cocoglide:000000420472,1
499,cocoglide:000000285788:edited,edited,nebula/CocoGlide,000000285788,cocoglide:000000285788,2
500,cocoglide:000000296969:edited,edited,nebula/CocoGlide,000000296969,cocoglide:000000296969,2
501,diffusiondb:3e05211c-7788-4a80-a91f-4dc0a46b26f4.png,synthetic,poloclub/diffusiondb,3e05211c-7788-4a80-a91f-4dc0a46b26f4.png,diffusiondb:3e05211c-7788-4a80-a91f-4dc0a46b26f4.png,3
502,diffusiondb:0e95d67f-9f67-46ba-b990-95ebca516482.png,synthetic,poloclub/diffusiondb,0e95d67f-9f67-46ba-b990-95ebca516482.png,diffusiondb:0e95d67f-9f67-46ba-b990-95ebca516482.png,1
503,cocoglide:000000100582:edited,edited,nebula/CocoGlide,000000100582,cocoglide:000000100582,1
504,cocoglide:000000350388:edited,edited,nebula/CocoGlide,000000350388,cocoglide:000000350388,4
505,cocoglide:000000048924:edited,edited,nebula/CocoGlide,000000048924,cocoglide:000000048924,1
506,cocoglide:000000549167:real,real,nebula/CocoGlide,000000549167,cocoglide:000000549167,4
507,cocoglide:000000392818:edited,edited,nebula/CocoGlide,000000392818,cocoglide:000000392818,1
508,cocoglide:000000369370:real,real,nebula/CocoGlide,000000369370,cocoglide:000000369370,4
509,cocoglide:000000091654:real,real,nebula/CocoGlide,000000091654,cocoglide:000000091654,4
510,cocoglide:000000545407:edited,edited,nebula/CocoGlide,000000545407,cocoglide:000000545407,2
511,cocoglide:000000384616:real,real,nebula/CocoGlide,000000384616,cocoglide:000000384616,5
512,diffusiondb:53c37a05-9486-47e5-ba43-db0280af7fb0.png,synthetic,poloclub/diffusiondb,53c37a05-9486-47e5-ba43-db0280af7fb0.png,diffusiondb:53c37a05-9486-47e5-ba43-db0280af7fb0.png,2
513,diffusiondb:ea71e1f7-05f6-4d24-bc88-185aab075fab.png,synthetic,poloclub/diffusiondb,ea71e1f7-05f6-4d24-bc88-185aab075fab.png,diffusiondb:ea71e1f7-05f6-4d24-bc88-185aab075fab.png,5
514,diffusiondb:7de7f640-0767-4e2c-a617-da1a37e7ee82.png,synthetic,poloclub/diffusiondb,7de7f640-0767-4e2c-a617-da1a37e7ee82.png,diffusiondb:7de7f640-0767-4e2c-a617-da1a37e7ee82.png,4
515,diffusiondb:f7ae7aa2-8860-4442-8281-c25115ae51d5.png,synthetic,poloclub/diffusiondb,f7ae7aa2-8860-4442-8281-c25115ae51d5.png,diffusiondb:f7ae7aa2-8860-4442-8281-c25115ae51d5.png,3
516,cocoglide:000000269196:edited,edited,nebula/CocoGlide,000000269196,cocoglide:000000269196,5
517,cocoglide:000000347664:edited,edited,nebula/CocoGlide,000000347664,cocoglide:000000347664,4
518,diffusiondb:c816dc59-f8f7-4d76-8844-ed96960732c0.png,synthetic,poloclub/diffusiondb,c816dc59-f8f7-4d76-8844-ed96960732c0.png,diffusiondb:c816dc59-f8f7-4d76-8844-ed96960732c0.png,1
519,cocoglide:000000211069:edited,edited,nebula/CocoGlide,000000211069,cocoglide:000000211069,5
520,diffusiondb:df8544ea-e9b1-489f-ace4-6f2d706d8ea3.png,synthetic,poloclub/diffusiondb,df8544ea-e9b1-489f-ace4-6f2d706d8ea3.png,diffusiondb:df8544ea-e9b1-489f-ace4-6f2d706d8ea3.png,3
521,diffusiondb:9e6b2214-3021-4bcf-8c12-a1f5e88ccd4a.png,synthetic,poloclub/diffusiondb,9e6b2214-3021-4bcf-8c12-a1f5e88ccd4a.png,diffusiondb:9e6b2214-3021-4bcf-8c12-a1f5e88ccd4a.png,4
522,cocoglide:000000095786:real,real,nebula/CocoGlide,000000095786,cocoglide:000000095786,4
523,diffusiondb:a0175cba-0842-4f40-8e20-86b7819ca194.png,synthetic,poloclub/diffusiondb,a0175cba-0842-4f40-8e20-86b7819ca194.png,diffusiondb:a0175cba-0842-4f40-8e20-86b7819ca194.png,5
524,diffusiondb:a1c5d57f-f0d3-4a03-b24e-04e0ebbd7496.png,synthetic,poloclub/diffusiondb,a1c5d57f-f0d3-4a03-b24e-04e0ebbd7496.png,diffusiondb:a1c5d57f-f0d3-4a03-b24e-04e0ebbd7496.png,1
525,cocoglide:000000070774:real,real,nebula/CocoGlide,000000070774,cocoglide:000000070774,3
526,cocoglide:000000238866:edited,edited,nebula/CocoGlide,000000238866,cocoglide:000000238866,4
527,cocoglide:000000161820:real,real,nebula/CocoGlide,000000161820,cocoglide:000000161820,3
528,cocoglide:000000548506:real,real,nebula/CocoGlide,000000548506,cocoglide:000000548506,2
529,cocoglide:000000263860:real,real,nebula/CocoGlide,000000263860,cocoglide:000000263860,3
530,cocoglide:000000550322:edited,edited,nebula/CocoGlide,000000550322,cocoglide:000000550322,4
531,diffusiondb:12253723-b840-4179-b119-b23d9b94968e.png,synthetic,poloclub/diffusiondb,12253723-b840-4179-b119-b23d9b94968e.png,diffusiondb:12253723-b840-4179-b119-b23d9b94968e.png,3
532,cocoglide:000000365385:real,real,nebula/CocoGlide,000000365385,cocoglide:000000365385,3
533,cocoglide:000000347664:real,real,nebula/CocoGlide,000000347664,cocoglide:000000347664,4
534,cocoglide:000000140929:edited,edited,nebula/CocoGlide,000000140929,cocoglide:000000140929,4
535,cocoglide:000000416885:edited,edited,nebula/CocoGlide,000000416885,cocoglide:000000416885,4
536,diffusiondb:b8f4a475-bc67-4949-8856-d19366f2485f.png,synthetic,poloclub/diffusiondb,b8f4a475-bc67-4949-8856-d19366f2485f.png,diffusiondb:b8f4a475-bc67-4949-8856-d19366f2485f.png,3
537,diffusiondb:e2af2334-a1bd-4a78-9028-5792a1ef4183.png,synthetic,poloclub/diffusiondb,e2af2334-a1bd-4a78-9028-5792a1ef4183.png,diffusiondb:e2af2334-a1bd-4a78-9028-5792a1ef4183.png,3
538,diffusiondb:51e0bcf9-dbd3-4e6b-898c-1a3a42a5199f.png,synthetic,poloclub/diffusiondb,51e0bcf9-dbd3-4e6b-898c-1a3a42a5199f.png,diffusiondb:51e0bcf9-dbd3-4e6b-898c-1a3a42a5199f.png,2
539,cocoglide:000000057027:real,real,nebula/CocoGlide,000000057027,cocoglide:000000057027,3
540,cocoglide:000000572956:edited,edited,nebula/CocoGlide,000000572956,cocoglide:000000572956,3
541,diffusiondb:1c6bd966-3f8f-431e-bb07-7bb50ea19e21.png,synthetic,poloclub/diffusiondb,1c6bd966-3f8f-431e-bb07-7bb50ea19e21.png,diffusiondb:1c6bd966-3f8f-431e-bb07-7bb50ea19e21.png,1
542,diffusiondb:ec8f5dec-ebab-4690-8676-613d079ee379.png,synthetic,poloclub/diffusiondb,ec8f5dec-ebab-4690-8676-613d079ee379.png,diffusiondb:ec8f5dec-ebab-4690-8676-613d079ee379.png,2
543,cocoglide:000000384513:real,real,nebula/CocoGlide,000000384513,cocoglide:000000384513,5
544,cocoglide:000000526103:real,real,nebula/CocoGlide,000000526103,cocoglide:000000526103,3
545,cocoglide:000000131938:edited,edited,nebula/CocoGlide,000000131938,cocoglide:000000131938,2
546,cocoglide:000000088218:edited,edited,nebula/CocoGlide,000000088218,cocoglide:000000088218,1
547,cocoglide:000000159282:real,real,nebula/CocoGlide,000000159282,cocoglide:000000159282,3
548,diffusiondb:2e69279f-6703-49a4-90bd-177cd44c8c66.png,synthetic,poloclub/diffusiondb,2e69279f-6703-49a4-90bd-177cd44c8c66.png,diffusiondb:2e69279f-6703-49a4-90bd-177cd44c8c66.png,2
549,diffusiondb:c1183b67-0eee-4f8a-8589-76ac333cee69.png,synthetic,poloclub/diffusiondb,c1183b67-0eee-4f8a-8589-76ac333cee69.png,diffusiondb:c1183b67-0eee-4f8a-8589-76ac333cee69.png,2
550,diffusiondb:376f7106-d755-4eaf-b1fa-40fb415114c0.png,synthetic,poloclub/diffusiondb,376f7106-d755-4eaf-b1fa-40fb415114c0.png,diffusiondb:376f7106-d755-4eaf-b1fa-40fb415114c0.png,5
551,cocoglide:000000248980:real,real,nebula/CocoGlide,000000248980,cocoglide:000000248980,5
552,cocoglide:000000293858:real,real,nebula/CocoGlide,000000293858,cocoglide:000000293858,2
553,cocoglide:000000209972:real,real,nebula/CocoGlide,000000209972,cocoglide:000000209972,5
554,cocoglide:000000100582:real,real,nebula/CocoGlide,000000100582,cocoglide:000000100582,1
555,cocoglide:000000214200:edited,edited,nebula/CocoGlide,000000214200,cocoglide:000000214200,2
556,cocoglide:000000129135:edited,edited,nebula/CocoGlide,000000129135,cocoglide:000000129135,1
557,cocoglide:000000095843:real,real,nebula/CocoGlide,000000095843,cocoglide:000000095843,2
558,diffusiondb:887b30f1-2030-4dea-a678-3793ed39ad08.png,synthetic,poloclub/diffusiondb,887b30f1-2030-4dea-a678-3793ed39ad08.png,diffusiondb:887b30f1-2030-4dea-a678-3793ed39ad08.png,2
559,cocoglide:000000066841:edited,edited,nebula/CocoGlide,000000066841,cocoglide:000000066841,2
560,cocoglide:000000405205:edited,edited,nebula/CocoGlide,000000405205,cocoglide:000000405205,3
561,diffusiondb:02d5089e-1d29-4018-9f7e-294c437257a4.png,synthetic,poloclub/diffusiondb,02d5089e-1d29-4018-9f7e-294c437257a4.png,diffusiondb:02d5089e-1d29-4018-9f7e-294c437257a4.png,4
562,cocoglide:000000357941:edited,edited,nebula/CocoGlide,000000357941,cocoglide:000000357941,5
563,cocoglide:000000537802:edited,edited,nebula/CocoGlide,000000537802,cocoglide:000000537802,2
564,cocoglide:000000572956:real,real,nebula/CocoGlide,000000572956,cocoglide:000000572956,3
565,cocoglide:000000210030:real,real,nebula/CocoGlide,000000210030,cocoglide:000000210030,2
566,cocoglide:000000561335:edited,edited,nebula/CocoGlide,000000561335,cocoglide:000000561335,2
567,diffusiondb:a6a3b073-4e52-470f-af00-94c0fd97fff7.png,synthetic,poloclub/diffusiondb,a6a3b073-4e52-470f-af00-94c0fd97fff7.png,diffusiondb:a6a3b073-4e52-470f-af00-94c0fd97fff7.png,4
568,cocoglide:000000338191:real,real,nebula/CocoGlide,000000338191,cocoglide:000000338191,1
569,diffusiondb:6acdfa4b-2804-4bec-8500-fa724872efe7.png,synthetic,poloclub/diffusiondb,6acdfa4b-2804-4bec-8500-fa724872efe7.png,diffusiondb:6acdfa4b-2804-4bec-8500-fa724872efe7.png,4
570,cocoglide:000000127182:real,real,nebula/CocoGlide,000000127182,cocoglide:000000127182,2
571,cocoglide:000000524108:edited,edited,nebula/CocoGlide,000000524108,cocoglide:000000524108,3
572,cocoglide:000000076417:real,real,nebula/CocoGlide,000000076417,cocoglide:000000076417,1
573,cocoglide:000000304984:edited,edited,nebula/CocoGlide,000000304984,cocoglide:000000304984,2
574,cocoglide:000000516871:edited,edited,nebula/CocoGlide,000000516871,cocoglide:000000516871,3
575,cocoglide:000000269932:real,real,nebula/CocoGlide,000000269932,cocoglide:000000269932,3
576,cocoglide:000000293474:edited,edited,nebula/CocoGlide,000000293474,cocoglide:000000293474,1
577,cocoglide:000000364322:real,real,nebula/CocoGlide,000000364322,cocoglide:000000364322,3
578,cocoglide:000000105014:edited,edited,nebula/CocoGlide,000000105014,cocoglide:000000105014,3
579,diffusiondb:3396999c-6c0f-4b9f-a41a-d375ff119e36.png,synthetic,poloclub/diffusiondb,3396999c-6c0f-4b9f-a41a-d375ff119e36.png,diffusiondb:3396999c-6c0f-4b9f-a41a-d375ff119e36.png,4
580,diffusiondb:ae2ce43e-5c64-4971-8ac3-df87b2c993aa.png,synthetic,poloclub/diffusiondb,ae2ce43e-5c64-4971-8ac3-df87b2c993aa.png,diffusiondb:ae2ce43e-5c64-4971-8ac3-df87b2c993aa.png,5
581,cocoglide:000000433192:edited,edited,nebula/CocoGlide,000000433192,cocoglide:000000433192,5
582,cocoglide:000000043581:real,real,nebula/CocoGlide,000000043581,cocoglide:000000043581,3
583,cocoglide:000000049269:real,real,nebula/CocoGlide,000000049269,cocoglide:000000049269,3
584,cocoglide:000000010363:edited,edited,nebula/CocoGlide,000000010363,cocoglide:000000010363,1
585,cocoglide:000000357941:real,real,nebula/CocoGlide,000000357941,cocoglide:000000357941,5
586,cocoglide:000000296969:real,real,nebula/CocoGlide,000000296969,cocoglide:000000296969,2
587,diffusiondb:8fecb1ae-9b89-4f6d-a625-4cfd5f83e542.png,synthetic,poloclub/diffusiondb,8fecb1ae-9b89-4f6d-a625-4cfd5f83e542.png,diffusiondb:8fecb1ae-9b89-4f6d-a625-4cfd5f83e542.png,4
588,cocoglide:000000346707:real,real,nebula/CocoGlide,000000346707,cocoglide:000000346707,3
589,cocoglide:000000242287:real,real,nebula/CocoGlide,000000242287,cocoglide:000000242287,5
590,cocoglide:000000056344:edited,edited,nebula/CocoGlide,000000056344,cocoglide:000000056344,3
591,cocoglide:000000017178:edited,edited,nebula/CocoGlide,000000017178,cocoglide:000000017178,5
592,cocoglide:000000438226:real,real,nebula/CocoGlide,000000438226,cocoglide:000000438226,2
593,diffusiondb:73bd6af8-762f-45c4-beca-e6beab873d44.png,synthetic,poloclub/diffusiondb,73bd6af8-762f-45c4-beca-e6beab873d44.png,diffusiondb:73bd6af8-762f-45c4-beca-e6beab873d44.png,4
594,cocoglide:000000446522:edited,edited,nebula/CocoGlide,000000446522,cocoglide:000000446522,3
595,diffusiondb:d2bed9ff-0126-4529-be05-f89c3b372b5a.png,synthetic,poloclub/diffusiondb,d2bed9ff-0126-4529-be05-f89c3b372b5a.png,diffusiondb:d2bed9ff-0126-4529-be05-f89c3b372b5a.png,2
596,cocoglide:000000088265:edited,edited,nebula/CocoGlide,000000088265,cocoglide:000000088265,3
597,cocoglide:000000350388:real,real,nebula/CocoGlide,000000350388,cocoglide:000000350388,4
598,cocoglide:000000140929:real,real,nebula/CocoGlide,000000140929,cocoglide:000000140929,4
599,diffusiondb:40de94aa-908a-4c9d-817e-e2a686c76b36.png,synthetic,poloclub/diffusiondb,40de94aa-908a-4c9d-817e-e2a686c76b36.png,diffusiondb:40de94aa-908a-4c9d-817e-e2a686c76b36.png,1
600,cocoglide:000000428280:real,real,nebula/CocoGlide,000000428280,cocoglide:000000428280,5
601,cocoglide:000000272416:real,real,nebula/CocoGlide,000000272416,cocoglide:000000272416,3
602,diffusiondb:16ddc700-a21e-4b31-b547-a0c3ed783bfc.png,synthetic,poloclub/diffusiondb,16ddc700-a21e-4b31-b547-a0c3ed783bfc.png,diffusiondb:16ddc700-a21e-4b31-b547-a0c3ed783bfc.png,3
603,diffusiondb:8d4d8cca-e97d-411c-88ca-120be03a1ff5.png,synthetic,poloclub/diffusiondb,8d4d8cca-e97d-411c-88ca-120be03a1ff5.png,diffusiondb:8d4d8cca-e97d-411c-88ca-120be03a1ff5.png,3
604,cocoglide:000000143998:real,real,nebula/CocoGlide,000000143998,cocoglide:000000143998,1
605,diffusiondb:22a5d315-f615-4637-970b-f94b3cadd668.png,synthetic,poloclub/diffusiondb,22a5d315-f615-4637-970b-f94b3cadd668.png,diffusiondb:22a5d315-f615-4637-970b-f94b3cadd668.png,4
606,diffusiondb:e9f69fdc-d568-43ab-ac6a-09eeb1e3641c.png,synthetic,poloclub/diffusiondb,e9f69fdc-d568-43ab-ac6a-09eeb1e3641c.png,diffusiondb:e9f69fdc-d568-43ab-ac6a-09eeb1e3641c.png,4
607,cocoglide:000000423971:real,real,nebula/CocoGlide,000000423971,cocoglide:000000423971,2
608,cocoglide:000000290592:edited,edited,nebula/CocoGlide,000000290592,cocoglide:000000290592,5
609,diffusiondb:119befe7-cb3b-4e98-9cb4-3075c3d5228a.png,synthetic,poloclub/diffusiondb,119befe7-cb3b-4e98-9cb4-3075c3d5228a.png,diffusiondb:119befe7-cb3b-4e98-9cb4-3075c3d5228a.png,1
610,diffusiondb:0d2c4d30-89c7-4f50-adda-07c28be7a2a1.png,synthetic,poloclub/diffusiondb,0d2c4d30-89c7-4f50-adda-07c28be7a2a1.png,diffusiondb:0d2c4d30-89c7-4f50-adda-07c28be7a2a1.png,5
611,cocoglide:000000384513:edited,edited,nebula/CocoGlide,000000384513,cocoglide:000000384513,5
612,diffusiondb:3b8b0ffb-42d9-41db-864d-fae31c020ac5.png,synthetic,poloclub/diffusiondb,3b8b0ffb-42d9-41db-864d-fae31c020ac5.png,diffusiondb:3b8b0ffb-42d9-41db-864d-fae31c020ac5.png,5
613,cocoglide:000000530052:edited,edited,nebula/CocoGlide,000000530052,cocoglide:000000530052,1
614,diffusiondb:b48d5887-46e1-449d-9a55-384558cc521c.png,synthetic,poloclub/diffusiondb,b48d5887-46e1-449d-9a55-384558cc521c.png,diffusiondb:b48d5887-46e1-449d-9a55-384558cc521c.png,3
615,cocoglide:000000222863:real,real,nebula/CocoGlide,000000222863,cocoglide:000000222863,1
616,diffusiondb:9dae742d-4ad2-491d-bbdf-d37bf3af9dad.png,synthetic,poloclub/diffusiondb,9dae742d-4ad2-491d-bbdf-d37bf3af9dad.png,diffusiondb:9dae742d-4ad2-491d-bbdf-d37bf3af9dad.png,4
617,cocoglide:000000504439:real,real,nebula/CocoGlide,000000504439,cocoglide:000000504439,4
618,diffusiondb:5df6404f-9330-4c6c-8bd4-9081743a9f4b.png,synthetic,poloclub/diffusiondb,5df6404f-9330-4c6c-8bd4-9081743a9f4b.png,diffusiondb:5df6404f-9330-4c6c-8bd4-9081743a9f4b.png,4
619,cocoglide:000000567825:edited,edited,nebula/CocoGlide,000000567825,cocoglide:000000567825,1
620,cocoglide:000000079408:edited,edited,nebula/CocoGlide,000000079408,cocoglide:000000079408,4
621,cocoglide:000000435299:edited,edited,nebula/CocoGlide,000000435299,cocoglide:000000435299,5
622,cocoglide:000000577584:edited,edited,nebula/CocoGlide,000000577584,cocoglide:000000577584,3
623,cocoglide:000000180798:edited,edited,nebula/CocoGlide,000000180798,cocoglide:000000180798,1
624,cocoglide:000000146363:real,real,nebula/CocoGlide,000000146363,cocoglide:000000146363,5
625,diffusiondb:6a296c05-2500-4d0d-bf4f-b6bdd6722272.png,synthetic,poloclub/diffusiondb,6a296c05-2500-4d0d-bf4f-b6bdd6722272.png,diffusiondb:6a296c05-2500-4d0d-bf4f-b6bdd6722272.png,4
626,cocoglide:000000355677:edited,edited,nebula/CocoGlide,000000355677,cocoglide:000000355677,5
627,cocoglide:000000318114:real,real,nebula/CocoGlide,000000318114,cocoglide:000000318114,5
628,cocoglide:000000147518:real,real,nebula/CocoGlide,000000147518,cocoglide:000000147518,5
629,cocoglide:000000471869:real,real,nebula/CocoGlide,000000471869,cocoglide:000000471869,4
630,cocoglide:000000032610:edited,edited,nebula/CocoGlide,000000032610,cocoglide:000000032610,1
631,diffusiondb:bf8b13c9-c67e-406c-b3ed-a7a2e8bb5bd7.png,synthetic,poloclub/diffusiondb,bf8b13c9-c67e-406c-b3ed-a7a2e8bb5bd7.png,diffusiondb:bf8b13c9-c67e-406c-b3ed-a7a2e8bb5bd7.png,3
632,cocoglide:000000156372:edited,edited,nebula/CocoGlide,000000156372,cocoglide:000000156372,2
633,cocoglide:000000164363:real,real,nebula/CocoGlide,000000164363,cocoglide:000000164363,2
634,diffusiondb:1f6dd471-e703-4d50-83f6-f1a39de6170a.png,synthetic,poloclub/diffusiondb,1f6dd471-e703-4d50-83f6-f1a39de6170a.png,diffusiondb:1f6dd471-e703-4d50-83f6-f1a39de6170a.png,2
635,diffusiondb:59d29c19-aa5f-4789-a973-9296a846c2f5.png,synthetic,poloclub/diffusiondb,59d29c19-aa5f-4789-a973-9296a846c2f5.png,diffusiondb:59d29c19-aa5f-4789-a973-9296a846c2f5.png,2
636,cocoglide:000000015440:real,real,nebula/CocoGlide,000000015440,cocoglide:000000015440,1
637,diffusiondb:50a3f919-aef7-4320-a078-0ce1538ef398.png,synthetic,poloclub/diffusiondb,50a3f919-aef7-4320-a078-0ce1538ef398.png,diffusiondb:50a3f919-aef7-4320-a078-0ce1538ef398.png,5
638,cocoglide:000000377575:real,real,nebula/CocoGlide,000000377575,cocoglide:000000377575,4
639,cocoglide:000000452321:real,real,nebula/CocoGlide,000000452321,cocoglide:000000452321,3
640,diffusiondb:497044d7-f263-40e5-aac6-8890f7776b71.png,synthetic,poloclub/diffusiondb,497044d7-f263-40e5-aac6-8890f7776b71.png,diffusiondb:497044d7-f263-40e5-aac6-8890f7776b71.png,3
641,cocoglide:000000368684:edited,edited,nebula/CocoGlide,000000368684,cocoglide:000000368684,4
642,cocoglide:000000355677:real,real,nebula/CocoGlide,000000355677,cocoglide:000000355677,5
643,diffusiondb:442ab6fd-f893-49ff-8272-8a3285581f16.png,synthetic,poloclub/diffusiondb,442ab6fd-f893-49ff-8272-8a3285581f16.png,diffusiondb:442ab6fd-f893-49ff-8272-8a3285581f16.png,5
644,cocoglide:000000267940:real,real,nebula/CocoGlide,000000267940,cocoglide:000000267940,3
645,diffusiondb:3d61b427-172e-46db-b641-83c54b33ea83.png,synthetic,poloclub/diffusiondb,3d61b427-172e-46db-b641-83c54b33ea83.png,diffusiondb:3d61b427-172e-46db-b641-83c54b33ea83.png,2
646,cocoglide:000000228981:edited,edited,nebula/CocoGlide,000000228981,cocoglide:000000228981,2
647,cocoglide:000000530052:real,real,nebula/CocoGlide,000000530052,cocoglide:000000530052,1
648,diffusiondb:59b8e170-9898-4be1-84bb-dc460d1c150c.png,synthetic,poloclub/diffusiondb,59b8e170-9898-4be1-84bb-dc460d1c150c.png,diffusiondb:59b8e170-9898-4be1-84bb-dc460d1c150c.png,5
649,cocoglide:000000116362:edited,edited,nebula/CocoGlide,000000116362,cocoglide:000000116362,1
650,diffusiondb:396bf2c4-fe70-4b84-8bee-398259e43cc4.png,synthetic,poloclub/diffusiondb,396bf2c4-fe70-4b84-8bee-398259e43cc4.png,diffusiondb:396bf2c4-fe70-4b84-8bee-398259e43cc4.png,5
651,diffusiondb:9581811b-b4d0-4347-89df-29b08ee3cb93.png,synthetic,poloclub/diffusiondb,9581811b-b4d0-4347-89df-29b08ee3cb93.png,diffusiondb:9581811b-b4d0-4347-89df-29b08ee3cb93.png,1
652,cocoglide:000000428280:edited,edited,nebula/CocoGlide,000000428280,cocoglide:000000428280,5
653,diffusiondb:008eef62-413c-4243-9f8f-30ad4a2cf79f.png,synthetic,poloclub/diffusiondb,008eef62-413c-4243-9f8f-30ad4a2cf79f.png,diffusiondb:008eef62-413c-4243-9f8f-30ad4a2cf79f.png,2
654,cocoglide:000000377882:edited,edited,nebula/CocoGlide,000000377882,cocoglide:000000377882,3
655,diffusiondb:e0ec8764-db4a-45e9-a873-a45b9e23906c.png,synthetic,poloclub/diffusiondb,e0ec8764-db4a-45e9-a873-a45b9e23906c.png,diffusiondb:e0ec8764-db4a-45e9-a873-a45b9e23906c.png,3
656,diffusiondb:744980f1-b1e5-411a-91cc-b793bc411a30.png,synthetic,poloclub/diffusiondb,744980f1-b1e5-411a-91cc-b793bc411a30.png,diffusiondb:744980f1-b1e5-411a-91cc-b793bc411a30.png,4
657,diffusiondb:211dccb2-6acc-4d6c-a6b5-29275e1f76bb.png,synthetic,poloclub/diffusiondb,211dccb2-6acc-4d6c-a6b5-29275e1f76bb.png,diffusiondb:211dccb2-6acc-4d6c-a6b5-29275e1f76bb.png,3
658,cocoglide:000000476787:real,real,nebula/CocoGlide,000000476787,cocoglide:000000476787,3
659,cocoglide:000000416330:edited,edited,nebula/CocoGlide,000000416330,cocoglide:000000416330,2
660,cocoglide:000000044652:real,real,nebula/CocoGlide,000000044652,cocoglide:000000044652,3
661,cocoglide:000000085911:real,real,nebula/CocoGlide,000000085911,cocoglide:000000085911,5
662,cocoglide:000000241319:edited,edited,nebula/CocoGlide,000000241319,cocoglide:000000241319,5
663,cocoglide:000000125952:edited,edited,nebula/CocoGlide,000000125952,cocoglide:000000125952,2
664,cocoglide:000000030213:edited,edited,nebula/CocoGlide,000000030213,cocoglide:000000030213,5
665,diffusiondb:4e9c8377-f6fc-46f0-b6e6-f287c030aeaf.png,synthetic,poloclub/diffusiondb,4e9c8377-f6fc-46f0-b6e6-f287c030aeaf.png,diffusiondb:4e9c8377-f6fc-46f0-b6e6-f287c030aeaf.png,3
666,diffusiondb:9cd9ccef-194d-457a-8b94-30b59970e8d6.png,synthetic,poloclub/diffusiondb,9cd9ccef-194d-457a-8b94-30b59970e8d6.png,diffusiondb:9cd9ccef-194d-457a-8b94-30b59970e8d6.png,4
667,diffusiondb:2f548cca-d361-4ee4-83ff-f230b0b46674.png,synthetic,poloclub/diffusiondb,2f548cca-d361-4ee4-83ff-f230b0b46674.png,diffusiondb:2f548cca-d361-4ee4-83ff-f230b0b46674.png,3
668,cocoglide:000000001675:real,real,nebula/CocoGlide,000000001675,cocoglide:000000001675,4
669,cocoglide:000000508482:edited,edited,nebula/CocoGlide,000000508482,cocoglide:000000508482,2
670,cocoglide:000000450439:edited,edited,nebula/CocoGlide,000000450439,cocoglide:000000450439,4
671,cocoglide:000000456394:edited,edited,nebula/CocoGlide,000000456394,cocoglide:000000456394,4
672,cocoglide:000000485972:edited,edited,nebula/CocoGlide,000000485972,cocoglide:000000485972,3
673,cocoglide:000000095843:edited,edited,nebula/CocoGlide,000000095843,cocoglide:000000095843,2
674,diffusiondb:ad5adde3-7c14-47e8-8de8-644b1a5d0196.png,synthetic,poloclub/diffusiondb,ad5adde3-7c14-47e8-8de8-644b1a5d0196.png,diffusiondb:ad5adde3-7c14-47e8-8de8-644b1a5d0196.png,1
675,diffusiondb:ac4ebfe6-f4a0-4c9f-83fb-44aebaf1f3d8.png,synthetic,poloclub/diffusiondb,ac4ebfe6-f4a0-4c9f-83fb-44aebaf1f3d8.png,diffusiondb:ac4ebfe6-f4a0-4c9f-83fb-44aebaf1f3d8.png,4
676,cocoglide:000000161820:edited,edited,nebula/CocoGlide,000000161820,cocoglide:000000161820,3
677,cocoglide:000000531495:edited,edited,nebula/CocoGlide,000000531495,cocoglide:000000531495,1
678,cocoglide:000000337498:real,real,nebula/CocoGlide,000000337498,cocoglide:000000337498,4
679,cocoglide:000000269932:edited,edited,nebula/CocoGlide,000000269932,cocoglide:000000269932,3
680,cocoglide:000000056344:real,real,nebula/CocoGlide,000000056344,cocoglide:000000056344,3
681,cocoglide:000000010363:real,real,nebula/CocoGlide,000000010363,cocoglide:000000010363,1
682,diffusiondb:31e7bca6-ab1d-4d4d-900a-cc523eb0a184.png,synthetic,poloclub/diffusiondb,31e7bca6-ab1d-4d4d-900a-cc523eb0a184.png,diffusiondb:31e7bca6-ab1d-4d4d-900a-cc523eb0a184.png,3
683,cocoglide:000000148957:edited,edited,nebula/CocoGlide,000000148957,cocoglide:000000148957,2
684,cocoglide:000000183965:real,real,nebula/CocoGlide,000000183965,cocoglide:000000183965,2
685,cocoglide:000000516871:real,real,nebula/CocoGlide,000000516871,cocoglide:000000516871,3
686,cocoglide:000000366141:real,real,nebula/CocoGlide,000000366141,cocoglide:000000366141,2
687,cocoglide:000000572517:edited,edited,nebula/CocoGlide,000000572517,cocoglide:000000572517,2
688,cocoglide:000000330790:real,real,nebula/CocoGlide,000000330790,cocoglide:000000330790,3
689,cocoglide:000000116362:real,real,nebula/CocoGlide,000000116362,cocoglide:000000116362,1
690,cocoglide:000000059920:edited,edited,nebula/CocoGlide,000000059920,cocoglide:000000059920,3
691,cocoglide:000000267351:edited,edited,nebula/CocoGlide,000000267351,cocoglide:000000267351,3
692,diffusiondb:08e3df4b-ee8e-4601-8038-5c9f4f680d67.png,synthetic,poloclub/diffusiondb,08e3df4b-ee8e-4601-8038-5c9f4f680d67.png,diffusiondb:08e3df4b-ee8e-4601-8038-5c9f4f680d67.png,5
693,cocoglide:000000111179:edited,edited,nebula/CocoGlide,000000111179,cocoglide:000000111179,4
694,diffusiondb:7108fdf6-25b4-4e92-a355-83be9ffa38ec.png,synthetic,poloclub/diffusiondb,7108fdf6-25b4-4e92-a355-83be9ffa38ec.png,diffusiondb:7108fdf6-25b4-4e92-a355-83be9ffa38ec.png,5
695,cocoglide:000000534639:real,real,nebula/CocoGlide,000000534639,cocoglide:000000534639,4
696,cocoglide:000000120853:edited,edited,nebula/CocoGlide,000000120853,cocoglide:000000120853,4
697,diffusiondb:a137cfcc-bb41-4aee-8351-c74953b3872e.png,synthetic,poloclub/diffusiondb,a137cfcc-bb41-4aee-8351-c74953b3872e.png,diffusiondb:a137cfcc-bb41-4aee-8351-c74953b3872e.png,2
698,cocoglide:000000540928:edited,edited,nebula/CocoGlide,000000540928,cocoglide:000000540928,1
699,cocoglide:000000255718:real,real,nebula/CocoGlide,000000255718,cocoglide:000000255718,2
700,diffusiondb:85457cc4-3fc2-4017-8bcb-9217e1499a7c.png,synthetic,poloclub/diffusiondb,85457cc4-3fc2-4017-8bcb-9217e1499a7c.png,diffusiondb:85457cc4-3fc2-4017-8bcb-9217e1499a7c.png,4
701,cocoglide:000000183965:edited,edited,nebula/CocoGlide,000000183965,cocoglide:000000183965,2
702,diffusiondb:db3bf85d-5b70-4107-b065-6b9dcc7feaec.png,synthetic,poloclub/diffusiondb,db3bf85d-5b70-4107-b065-6b9dcc7feaec.png,diffusiondb:db3bf85d-5b70-4107-b065-6b9dcc7feaec.png,5
703,cocoglide:000000255718:edited,edited,nebula/CocoGlide,000000255718,cocoglide:000000255718,2
704,cocoglide:000000369751:real,real,nebula/CocoGlide,000000369751,cocoglide:000000369751,1
705,cocoglide:000000288882:real,real,nebula/CocoGlide,000000288882,cocoglide:000000288882,2
706,cocoglide:000000508482:real,real,nebula/CocoGlide,000000508482,cocoglide:000000508482,2
707,cocoglide:000000069795:edited,edited,nebula/CocoGlide,000000069795,cocoglide:000000069795,1
708,cocoglide:000000534639:edited,edited,nebula/CocoGlide,000000534639,cocoglide:000000534639,4
709,cocoglide:000000571313:real,real,nebula/CocoGlide,000000571313,cocoglide:000000571313,3
710,diffusiondb:54444813-dd7a-4015-81c8-da6af1339dfc.png,synthetic,poloclub/diffusiondb,54444813-dd7a-4015-81c8-da6af1339dfc.png,diffusiondb:54444813-dd7a-4015-81c8-da6af1339dfc.png,5
711,cocoglide:000000542625:edited,edited,nebula/CocoGlide,000000542625,cocoglide:000000542625,3
712,cocoglide:000000370900:real,real,nebula/CocoGlide,000000370900,cocoglide:000000370900,4
713,cocoglide:000000313130:edited,edited,nebula/CocoGlide,000000313130,cocoglide:000000313130,3
714,cocoglide:000000470121:edited,edited,nebula/CocoGlide,000000470121,cocoglide:000000470121,3
715,diffusiondb:1fcbefb2-d406-435b-9545-a4a4a8d9bdf6.png,synthetic,poloclub/diffusiondb,1fcbefb2-d406-435b-9545-a4a4a8d9bdf6.png,diffusiondb:1fcbefb2-d406-435b-9545-a4a4a8d9bdf6.png,2
716,cocoglide:000000405432:real,real,nebula/CocoGlide,000000405432,cocoglide:000000405432,5
717,diffusiondb:f9d539ba-8854-4f8e-b471-5852783ab413.png,synthetic,poloclub/diffusiondb,f9d539ba-8854-4f8e-b471-5852783ab413.png,diffusiondb:f9d539ba-8854-4f8e-b471-5852783ab413.png,1
718,cocoglide:000000308753:edited,edited,nebula/CocoGlide,000000308753,cocoglide:000000308753,4
719,diffusiondb:9fe9c4e8-4593-4941-b1ee-5971957b534c.png,synthetic,poloclub/diffusiondb,9fe9c4e8-4593-4941-b1ee-5971957b534c.png,diffusiondb:9fe9c4e8-4593-4941-b1ee-5971957b534c.png,1
720,diffusiondb:0a6a0a91-e522-4f18-b55f-3776cafbdda4.png,synthetic,poloclub/diffusiondb,0a6a0a91-e522-4f18-b55f-3776cafbdda4.png,diffusiondb:0a6a0a91-e522-4f18-b55f-3776cafbdda4.png,3
721,cocoglide:000000079408:real,real,nebula/CocoGlide,000000079408,cocoglide:000000079408,4
722,cocoglide:000000242287:edited,edited,nebula/CocoGlide,000000242287,cocoglide:000000242287,5
723,cocoglide:000000365385:edited,edited,nebula/CocoGlide,000000365385,cocoglide:000000365385,3
724,cocoglide:000000248980:edited,edited,nebula/CocoGlide,000000248980,cocoglide:000000248980,5
725,cocoglide:000000542625:real,real,nebula/CocoGlide,000000542625,cocoglide:000000542625,3
726,cocoglide:000000022589:edited,edited,nebula/CocoGlide,000000022589,cocoglide:000000022589,4
727,cocoglide:000000222299:real,real,nebula/CocoGlide,000000222299,cocoglide:000000222299,3
728,cocoglide:000000474164:edited,edited,nebula/CocoGlide,000000474164,cocoglide:000000474164,2
729,cocoglide:000000156372:real,real,nebula/CocoGlide,000000156372,cocoglide:000000156372,2
730,cocoglide:000000219283:edited,edited,nebula/CocoGlide,000000219283,cocoglide:000000219283,2
731,diffusiondb:25913066-e883-4a99-b513-3580fe857036.png,synthetic,poloclub/diffusiondb,25913066-e883-4a99-b513-3580fe857036.png,diffusiondb:25913066-e883-4a99-b513-3580fe857036.png,2
732,cocoglide:000000545407:real,real,nebula/CocoGlide,000000545407,cocoglide:000000545407,2
733,diffusiondb:e63c6371-a680-4cb5-ba84-4ac57d1ef569.png,synthetic,poloclub/diffusiondb,e63c6371-a680-4cb5-ba84-4ac57d1ef569.png,diffusiondb:e63c6371-a680-4cb5-ba84-4ac57d1ef569.png,2
734,diffusiondb:a1720ad7-31e8-450a-a2e7-8aaa37db60e5.png,synthetic,poloclub/diffusiondb,a1720ad7-31e8-450a-a2e7-8aaa37db60e5.png,diffusiondb:a1720ad7-31e8-450a-a2e7-8aaa37db60e5.png,5
735,cocoglide:000000196754:real,real,nebula/CocoGlide,000000196754,cocoglide:000000196754,3
736,diffusiondb:a681ed81-619b-42e8-8719-c2a729ea10a8.png,synthetic,poloclub/diffusiondb,a681ed81-619b-42e8-8719-c2a729ea10a8.png,diffusiondb:a681ed81-619b-42e8-8719-c2a729ea10a8.png,4
737,cocoglide:000000382088:edited,edited,nebula/CocoGlide,000000382088,cocoglide:000000382088,5
738,cocoglide:000000063552:edited,edited,nebula/CocoGlide,000000063552,cocoglide:000000063552,5
739,cocoglide:000000182417:edited,edited,nebula/CocoGlide,000000182417,cocoglide:000000182417,5
740,cocoglide:000000375078:real,real,nebula/CocoGlide,000000375078,cocoglide:000000375078,1
741,diffusiondb:672b5d9e-8831-45ab-9f67-cfcd6044fb0b.png,synthetic,poloclub/diffusiondb,672b5d9e-8831-45ab-9f67-cfcd6044fb0b.png,diffusiondb:672b5d9e-8831-45ab-9f67-cfcd6044fb0b.png,3
742,cocoglide:000000294855:edited,edited,nebula/CocoGlide,000000294855,cocoglide:000000294855,5
743,diffusiondb:37840d44-4153-4f8e-a8ef-df67f06dcd0d.png,synthetic,poloclub/diffusiondb,37840d44-4153-4f8e-a8ef-df67f06dcd0d.png,diffusiondb:37840d44-4153-4f8e-a8ef-df67f06dcd0d.png,1
744,diffusiondb:0c1c1c86-6fa4-4ad5-aeaf-302beab6805d.png,synthetic,poloclub/diffusiondb,0c1c1c86-6fa4-4ad5-aeaf-302beab6805d.png,diffusiondb:0c1c1c86-6fa4-4ad5-aeaf-302beab6805d.png,5
745,cocoglide:000000198960:edited,edited,nebula/CocoGlide,000000198960,cocoglide:000000198960,5
746,cocoglide:000000384651:edited,edited,nebula/CocoGlide,000000384651,cocoglide:000000384651,4
747,cocoglide:000000335450:edited,edited,nebula/CocoGlide,000000335450,cocoglide:000000335450,2
748,diffusiondb:ec4c31c9-3531-436f-9f0f-8550d9842e81.png,synthetic,poloclub/diffusiondb,ec4c31c9-3531-436f-9f0f-8550d9842e81.png,diffusiondb:ec4c31c9-3531-436f-9f0f-8550d9842e81.png,4
749,diffusiondb:aef3fe3b-361f-4493-81bc-ab02bdfccce6.png,synthetic,poloclub/diffusiondb,aef3fe3b-361f-4493-81bc-ab02bdfccce6.png,diffusiondb:aef3fe3b-361f-4493-81bc-ab02bdfccce6.png,2
750,cocoglide:000000333956:real,real,nebula/CocoGlide,000000333956,cocoglide:000000333956,3
751,cocoglide:000000393282:real,real,nebula/CocoGlide,000000393282,cocoglide:000000393282,4
752,cocoglide:000000478286:real,real,nebula/CocoGlide,000000478286,cocoglide:000000478286,4
753,cocoglide:000000214200:real,real,nebula/CocoGlide,000000214200,cocoglide:000000214200,2
754,cocoglide:000000549167:edited,edited,nebula/CocoGlide,000000549167,cocoglide:000000549167,4
755,cocoglide:000000141597:real,real,nebula/CocoGlide,000000141597,cocoglide:000000141597,1
756,cocoglide:000000098839:edited,edited,nebula/CocoGlide,000000098839,cocoglide:000000098839,2
757,cocoglide:000000217614:edited,edited,nebula/CocoGlide,000000217614,cocoglide:000000217614,2
758,cocoglide:000000224051:real,real,nebula/CocoGlide,000000224051,cocoglide:000000224051,2
759,diffusiondb:02a2bf57-e250-40c4-880b-ce3f2a6de90b.png,synthetic,poloclub/diffusiondb,02a2bf57-e250-40c4-880b-ce3f2a6de90b.png,diffusiondb:02a2bf57-e250-40c4-880b-ce3f2a6de90b.png,5
760,cocoglide:000000172856:edited,edited,nebula/CocoGlide,000000172856,cocoglide:000000172856,4
761,cocoglide:000000340175:edited,edited,nebula/CocoGlide,000000340175,cocoglide:000000340175,4
762,cocoglide:000000192904:edited,edited,nebula/CocoGlide,000000192904,cocoglide:000000192904,5
763,cocoglide:000000020247:real,real,nebula/CocoGlide,000000020247,cocoglide:000000020247,2
764,diffusiondb:4369f164-5810-4869-9930-05b706a1291d.png,synthetic,poloclub/diffusiondb,4369f164-5810-4869-9930-05b706a1291d.png,diffusiondb:4369f164-5810-4869-9930-05b706a1291d.png,3
765,cocoglide:000000129135:real,real,nebula/CocoGlide,000000129135,cocoglide:000000129135,1
766,cocoglide:000000283038:real,real,nebula/CocoGlide,000000283038,cocoglide:000000283038,3
767,diffusiondb:84ffaf5c-49b0-4b9e-be4c-87f6be4eac9e.png,synthetic,poloclub/diffusiondb,84ffaf5c-49b0-4b9e-be4c-87f6be4eac9e.png,diffusiondb:84ffaf5c-49b0-4b9e-be4c-87f6be4eac9e.png,4
768,cocoglide:000000244411:edited,edited,nebula/CocoGlide,000000244411,cocoglide:000000244411,1
